Series,Category_Key,Best_Model,CV_RMSE,CV_MAPE,Date,Forecast
A_A_M,A_A_M,Drift_50pct,1040257.71,3.94,2016-09,21865338.0
A_A_M,A_A_M,Drift_50pct,1040257.71,3.94,2016-10,15627750.0
A_A_M,A_A_M,Drift_50pct,1040257.71,3.94,2016-11,25178979.0
A_A_M,A_A_M,Drift_50pct,1040257.71,3.94,2016-12,39937550.0
A_A_M,A_A_M,Drift_50pct,1040257.71,3.94,2017-01,14745802.0
A_A_M,A_A_M,Drift_50pct,1040257.71,3.94,2017-02,17904538.0
A_A_M,A_A_M,Drift_50pct,1040257.71,3.94,2017-03,21483559.0
A_A_M,A_A_M,Drift_50pct,1040257.71,3.94,2017-04,15900085.0
A_A_M,A_A_M,Drift_50pct,1040257.71,3.94,2017-05,16247858.0
A_A_M,A_A_M,Drift_50pct,1040257.71,3.94,2017-06,21614813.0
A_A_M,A_A_M,Drift_50pct,1040257.71,3.94,2017-07,20341383.0
A_A_M,A_A_M,Drift_50pct,1040257.71,3.94,2017-08,26216774.0
C_C_W_s81,C_C_W,Drift_50pct,1541245.96,15.18,2016-09,12904095.0
C_C_W_s81,C_C_W,Drift_50pct,1541245.96,15.18,2016-10,9404907.0
C_C_W_s81,C_C_W,Drift_50pct,1541245.96,15.18,2016-11,11515733.0
C_C_W_s81,C_C_W,Drift_50pct,1541245.96,15.18,2016-12,20560991.0
C_C_W_s81,C_C_W,Drift_50pct,1541245.96,15.18,2017-01,7202069.0
C_C_W_s81,C_C_W,Drift_50pct,1541245.96,15.18,2017-02,6711785.0
C_C_W_s81,C_C_W,Drift_50pct,1541245.96,15.18,2017-03,7855380.0
C_C_W_s81,C_C_W,Drift_50pct,1541245.96,15.18,2017-04,5769825.0
C_C_W_s81,C_C_W,Drift_50pct,1541245.96,15.18,2017-05,6956231.0
C_C_W_s81,C_C_W,Drift_50pct,1541245.96,15.18,2017-06,9618591.0
C_C_W_s81,C_C_W,Drift_50pct,1541245.96,15.18,2017-07,7820208.0
C_C_W_s81,C_C_W,Drift_50pct,1541245.96,15.18,2017-08,8905871.0
B_C_W_s54,B_C_W,"ETS(M,A,M)",572551.28,8.04,2016-09,7971876.45
B_C_W_s54,B_C_W,"ETS(M,A,M)",572551.28,8.04,2016-10,5199387.14
B_C_W_s54,B_C_W,"ETS(M,A,M)",572551.28,8.04,2016-11,5878455.61
B_C_W_s54,B_C_W,"ETS(M,A,M)",572551.28,8.04,2016-12,7686913.26
B_C_W_s54,B_C_W,"ETS(M,A,M)",572551.28,8.04,2017-01,4890379.08
B_C_W_s54,B_C_W,"ETS(M,A,M)",572551.28,8.04,2017-02,5260023.13
B_C_W_s54,B_C_W,"ETS(M,A,M)",572551.28,8.04,2017-03,7198133.01
B_C_W_s54,B_C_W,"ETS(M,A,M)",572551.28,8.04,2017-04,5684429.83
B_C_W_s54,B_C_W,"ETS(M,A,M)",572551.28,8.04,2017-05,4510075.49
B_C_W_s54,B_C_W,"ETS(M,A,M)",572551.28,8.04,2017-06,6625162.38
B_C_W_s54,B_C_W,"ETS(M,A,M)",572551.28,8.04,2017-07,4482297.01
B_C_W_s54,B_C_W,"ETS(M,A,M)",572551.28,8.04,2017-08,5254944.99
B_C_W_s56,B_C_W,"ETS(M,A,M)",1944298.9,44.24,2016-09,4549410.23
B_C_W_s56,B_C_W,"ETS(M,A,M)",1944298.9,44.24,2016-10,3062336.75
B_C_W_s56,B_C_W,"ETS(M,A,M)",1944298.9,44.24,2016-11,3146705.24
B_C_W_s56,B_C_W,"ETS(M,A,M)",1944298.9,44.24,2016-12,4212396.38
B_C_W_s56,B_C_W,"ETS(M,A,M)",1944298.9,44.24,2017-01,2626776.57
B_C_W_s56,B_C_W,"ETS(M,A,M)",1944298.9,44.24,2017-02,2776569.29
B_C_W_s56,B_C_W,"ETS(M,A,M)",1944298.9,44.24,2017-03,3800336.38
B_C_W_s56,B_C_W,"ETS(M,A,M)",1944298.9,44.24,2017-04,2735854.06
B_C_W_s56,B_C_W,"ETS(M,A,M)",1944298.9,44.24,2017-05,2119464.3
B_C_W_s56,B_C_W,"ETS(M,A,M)",1944298.9,44.24,2017-06,2956107.37
B_C_W_s56,B_C_W,"ETS(M,A,M)",1944298.9,44.24,2017-07,2054038.85
B_C_W_s56,B_C_W,"ETS(M,A,M)",1944298.9,44.24,2017-08,2421718.24
A_J_Z,A_J_Z,"ETS(M,Md,M)",372548.68,5.68,2016-09,3577752.71
A_J_Z,A_J_Z,"ETS(M,Md,M)",372548.68,5.68,2016-10,2785508.52
A_J_Z,A_J_Z,"ETS(M,Md,M)",372548.68,5.68,2016-11,5243557.22
A_J_Z,A_J_Z,"ETS(M,Md,M)",372548.68,5.68,2016-12,10982097.26
A_J_Z,A_J_Z,"ETS(M,Md,M)",372548.68,5.68,2017-01,3290106.44
A_J_Z,A_J_Z,"ETS(M,Md,M)",372548.68,5.68,2017-02,3514200.9
A_J_Z,A_J_Z,"ETS(M,Md,M)",372548.68,5.68,2017-03,3796621.15
A_J_Z,A_J_Z,"ETS(M,Md,M)",372548.68,5.68,2017-04,2641673.09
A_J_Z,A_J_Z,"ETS(M,Md,M)",372548.68,5.68,2017-05,2924421.85
A_J_Z,A_J_Z,"ETS(M,Md,M)",372548.68,5.68,2017-06,3694836.12
A_J_Z,A_J_Z,"ETS(M,Md,M)",372548.68,5.68,2017-07,2983317.75
A_J_Z,A_J_Z,"ETS(M,Md,M)",372548.68,5.68,2017-08,3176726.38
A_I_K,A_I_K,SeasonalNaive,185703.68,2.27,2016-09,7100496.0
A_I_K,A_I_K,SeasonalNaive,185703.68,2.27,2016-10,4875816.0
A_I_K,A_I_K,SeasonalNaive,185703.68,2.27,2016-11,6936963.0
A_I_K,A_I_K,SeasonalNaive,185703.68,2.27,2016-12,8876399.0
A_I_K,A_I_K,SeasonalNaive,185703.68,2.27,2017-01,5620301.0
A_I_K,A_I_K,SeasonalNaive,185703.68,2.27,2017-02,5675920.0
A_I_K,A_I_K,SeasonalNaive,185703.68,2.27,2017-03,6573206.0
A_I_K,A_I_K,SeasonalNaive,185703.68,2.27,2017-04,4827483.0
A_I_K,A_I_K,SeasonalNaive,185703.68,2.27,2017-05,4615806.0
A_I_K,A_I_K,SeasonalNaive,185703.68,2.27,2017-06,5721874.0
A_I_K,A_I_K,SeasonalNaive,185703.68,2.27,2017-07,5082202.0
A_I_K,A_I_K,SeasonalNaive,185703.68,2.27,2017-08,6690146.0
A_C_NULL_s14,A_C_NULL,"ETS(M,A,M)",906242.43,15.63,2016-09,2735877.27
A_C_NULL_s14,A_C_NULL,"ETS(M,A,M)",906242.43,15.63,2016-10,2085164.9
A_C_NULL_s14,A_C_NULL,"ETS(M,A,M)",906242.43,15.63,2016-11,8880304.49
A_C_NULL_s14,A_C_NULL,"ETS(M,A,M)",906242.43,15.63,2016-12,9728891.61
A_C_NULL_s14,A_C_NULL,"ETS(M,A,M)",906242.43,15.63,2017-01,1597245.58
A_C_NULL_s14,A_C_NULL,"ETS(M,A,M)",906242.43,15.63,2017-02,2439348.41
A_C_NULL_s14,A_C_NULL,"ETS(M,A,M)",906242.43,15.63,2017-03,2214907.0
A_C_NULL_s14,A_C_NULL,"ETS(M,A,M)",906242.43,15.63,2017-04,1400400.27
A_C_NULL_s14,A_C_NULL,"ETS(M,A,M)",906242.43,15.63,2017-05,1515711.26
A_C_NULL_s14,A_C_NULL,"ETS(M,A,M)",906242.43,15.63,2017-06,1755102.46
A_C_NULL_s14,A_C_NULL,"ETS(M,A,M)",906242.43,15.63,2017-07,1532484.61
A_C_NULL_s14,A_C_NULL,"ETS(M,A,M)",906242.43,15.63,2017-08,1584615.41
B_I_K,B_I_K,"ETS(A,Md,A)",274427.31,5.38,2016-09,5811310.05
B_I_K,B_I_K,"ETS(A,Md,A)",274427.31,5.38,2016-10,3706672.16
B_I_K,B_I_K,"ETS(A,Md,A)",274427.31,5.38,2016-11,4521614.72
B_I_K,B_I_K,"ETS(A,Md,A)",274427.31,5.38,2016-12,6211573.7
B_I_K,B_I_K,"ETS(A,Md,A)",274427.31,5.38,2017-01,4187963.86
B_I_K,B_I_K,"ETS(A,Md,A)",274427.31,5.38,2017-02,4389584.73
B_I_K,B_I_K,"ETS(A,Md,A)",274427.31,5.38,2017-03,6450282.38
B_I_K,B_I_K,"ETS(A,Md,A)",274427.31,5.38,2017-04,4879849.44
B_I_K,B_I_K,"ETS(A,Md,A)",274427.31,5.38,2017-05,3918040.42
B_I_K,B_I_K,"ETS(A,Md,A)",274427.31,5.38,2017-06,5859977.64
B_I_K,B_I_K,"ETS(A,Md,A)",274427.31,5.38,2017-07,4082962.01
B_I_K,B_I_K,"ETS(A,Md,A)",274427.31,5.38,2017-08,4836749.28
C_C_W_s79,C_C_W,Nixtla_AutoARIMA,168039.53,2.39,2016-09,4319090.0
C_C_W_s79,C_C_W,Nixtla_AutoARIMA,168039.53,2.39,2016-10,3056907.0
C_C_W_s79,C_C_W,Nixtla_AutoARIMA,168039.53,2.39,2016-11,3212177.0
C_C_W_s79,C_C_W,Nixtla_AutoARIMA,168039.53,2.39,2016-12,5625645.0
C_C_W_s79,C_C_W,Nixtla_AutoARIMA,168039.53,2.39,2017-01,2645907.0
C_C_W_s79,C_C_W,Nixtla_AutoARIMA,168039.53,2.39,2017-02,2615332.0
C_C_W_s79,C_C_W,Nixtla_AutoARIMA,168039.53,2.39,2017-03,3549073.0
C_C_W_s79,C_C_W,Nixtla_AutoARIMA,168039.53,2.39,2017-04,2453337.0
C_C_W_s79,C_C_W,Nixtla_AutoARIMA,168039.53,2.39,2017-05,2107023.0
C_C_W_s79,C_C_W,Nixtla_AutoARIMA,168039.53,2.39,2017-06,3247359.0
C_C_W_s79,C_C_W,Nixtla_AutoARIMA,168039.53,2.39,2017-07,2384793.0
C_C_W_s79,C_C_W,Nixtla_AutoARIMA,168039.53,2.39,2017-08,2470982.0
C_G_F,C_G_F,Nixtla_AutoETS,140291.73,3.01,2016-09,4302805.33
C_G_F,C_G_F,Nixtla_AutoETS,140291.73,3.01,2016-10,3339439.79
C_G_F,C_G_F,Nixtla_AutoETS,140291.73,3.01,2016-11,3603490.17
C_G_F,C_G_F,Nixtla_AutoETS,140291.73,3.01,2016-12,5032801.16
C_G_F,C_G_F,Nixtla_AutoETS,140291.73,3.01,2017-01,3108022.64
C_G_F,C_G_F,Nixtla_AutoETS,140291.73,3.01,2017-02,3339183.47
C_G_F,C_G_F,Nixtla_AutoETS,140291.73,3.01,2017-03,4297502.05
C_G_F,C_G_F,Nixtla_AutoETS,140291.73,3.01,2017-04,3276734.65
C_G_F,C_G_F,Nixtla_AutoETS,140291.73,3.01,2017-05,2705807.92
C_G_F,C_G_F,Nixtla_AutoETS,140291.73,3.01,2017-06,3780956.25
C_G_F,C_G_F,Nixtla_AutoETS,140291.73,3.01,2017-07,2896663.1
C_G_F,C_G_F,Nixtla_AutoETS,140291.73,3.01,2017-08,3211077.78
A_C_NULL_s15,A_C_NULL,"ETS(M,M,M)",427922.36,16.14,2016-09,1469310.74
A_C_NULL_s15,A_C_NULL,"ETS(M,M,M)",427922.36,16.14,2016-10,1327277.01
A_C_NULL_s15,A_C_NULL,"ETS(M,M,M)",427922.36,16.14,2016-11,4075160.39
A_C_NULL_s15,A_C_NULL,"ETS(M,M,M)",427922.36,16.14,2016-12,4606676.81
A_C_NULL_s15,A_C_NULL,"ETS(M,M,M)",427922.36,16.14,2017-01,1213472.09
A_C_NULL_s15,A_C_NULL,"ETS(M,M,M)",427922.36,16.14,2017-02,1261774.61
A_C_NULL_s15,A_C_NULL,"ETS(M,M,M)",427922.36,16.14,2017-03,1383893.08
A_C_NULL_s15,A_C_NULL,"ETS(M,M,M)",427922.36,16.14,2017-04,1065089.63
A_C_NULL_s15,A_C_NULL,"ETS(M,M,M)",427922.36,16.14,2017-05,1162413.29
A_C_NULL_s15,A_C_NULL,"ETS(M,M,M)",427922.36,16.14,2017-06,1397206.03
A_C_NULL_s15,A_C_NULL,"ETS(M,M,M)",427922.36,16.14,2017-07,1014572.95
A_C_NULL_s15,A_C_NULL,"ETS(M,M,M)",427922.36,16.14,2017-08,1057311.62
B_I_G,B_I_G,"ETS(A,N,A)",338005.62,10.85,2016-09,3780168.67
B_I_G,B_I_G,"ETS(A,N,A)",338005.62,10.85,2016-10,2481105.42
B_I_G,B_I_G,"ETS(A,N,A)",338005.62,10.85,2016-11,2849786.02
B_I_G,B_I_G,"ETS(A,N,A)",338005.62,10.85,2016-12,3779182.53
B_I_G,B_I_G,"ETS(A,N,A)",338005.62,10.85,2017-01,2472471.98
B_I_G,B_I_G,"ETS(A,N,A)",338005.62,10.85,2017-02,2649399.56
B_I_G,B_I_G,"ETS(A,N,A)",338005.62,10.85,2017-03,3814412.96
B_I_G,B_I_G,"ETS(A,N,A)",338005.62,10.85,2017-04,2864285.21
B_I_G,B_I_G,"ETS(A,N,A)",338005.62,10.85,2017-05,2369139.96
B_I_G,B_I_G,"ETS(A,N,A)",338005.62,10.85,2017-06,3526176.1
B_I_G,B_I_G,"ETS(A,N,A)",338005.62,10.85,2017-07,2489664.11
B_I_G,B_I_G,"ETS(A,N,A)",338005.62,10.85,2017-08,2926964.96
A_D_NULL,A_D_NULL,Nixtla_OptTheta,88822.66,3.05,2016-09,2790585.64
A_D_NULL,A_D_NULL,Nixtla_OptTheta,88822.66,3.05,2016-10,2161350.64
A_D_NULL,A_D_NULL,Nixtla_OptTheta,88822.66,3.05,2016-11,2515271.27
A_D_NULL,A_D_NULL,Nixtla_OptTheta,88822.66,3.05,2016-12,3449139.4
A_D_NULL,A_D_NULL,Nixtla_OptTheta,88822.66,3.05,2017-01,2170058.19
A_D_NULL,A_D_NULL,Nixtla_OptTheta,88822.66,3.05,2017-02,2443887.46
A_D_NULL,A_D_NULL,Nixtla_OptTheta,88822.66,3.05,2017-03,2713353.3
A_D_NULL,A_D_NULL,Nixtla_OptTheta,88822.66,3.05,2017-04,1844372.24
A_D_NULL,A_D_NULL,Nixtla_OptTheta,88822.66,3.05,2017-05,1776341.41
A_D_NULL,A_D_NULL,Nixtla_OptTheta,88822.66,3.05,2017-06,2406991.15
A_D_NULL,A_D_NULL,Nixtla_OptTheta,88822.66,3.05,2017-07,1889167.91
A_D_NULL,A_D_NULL,Nixtla_OptTheta,88822.66,3.05,2017-08,2101717.19
B_A_N,B_A_N,SeasonalNaive,89045.55,2.59,2016-09,2549158.0
B_A_N,B_A_N,SeasonalNaive,89045.55,2.59,2016-10,2131176.0
B_A_N,B_A_N,SeasonalNaive,89045.55,2.59,2016-11,3188209.0
B_A_N,B_A_N,SeasonalNaive,89045.55,2.59,2016-12,2270962.0
B_A_N,B_A_N,SeasonalNaive,89045.55,2.59,2017-01,2776162.0
B_A_N,B_A_N,SeasonalNaive,89045.55,2.59,2017-02,3441995.0
B_A_N,B_A_N,SeasonalNaive,89045.55,2.59,2017-03,2157189.0
B_A_N,B_A_N,SeasonalNaive,89045.55,2.59,2017-04,2491766.0
B_A_N,B_A_N,SeasonalNaive,89045.55,2.59,2017-05,4061467.0
B_A_N,B_A_N,SeasonalNaive,89045.55,2.59,2017-06,2603189.0
B_A_N,B_A_N,SeasonalNaive,89045.55,2.59,2017-07,2498027.0
B_A_N,B_A_N,SeasonalNaive,89045.55,2.59,2017-08,3616878.0
B_G_H,B_G_H,"ETS(M,A,M)",185805.73,5.85,2016-09,2825905.82
B_G_H,B_G_H,"ETS(M,A,M)",185805.73,5.85,2016-10,1822451.06
B_G_H,B_G_H,"ETS(M,A,M)",185805.73,5.85,2016-11,2236326.71
B_G_H,B_G_H,"ETS(M,A,M)",185805.73,5.85,2016-12,3017257.39
B_G_H,B_G_H,"ETS(M,A,M)",185805.73,5.85,2017-01,1992973.07
B_G_H,B_G_H,"ETS(M,A,M)",185805.73,5.85,2017-02,2092848.97
B_G_H,B_G_H,"ETS(M,A,M)",185805.73,5.85,2017-03,3049042.7
B_G_H,B_G_H,"ETS(M,A,M)",185805.73,5.85,2017-04,2203330.38
B_G_H,B_G_H,"ETS(M,A,M)",185805.73,5.85,2017-05,1828539.76
B_G_H,B_G_H,"ETS(M,A,M)",185805.73,5.85,2017-06,2807463.25
B_G_H,B_G_H,"ETS(M,A,M)",185805.73,5.85,2017-07,1813432.61
B_G_H,B_G_H,"ETS(M,A,M)",185805.73,5.85,2017-08,2113550.33
B_G_F,B_G_F,SeasonalNaive,346991.27,12.68,2016-09,2565501.0
B_G_F,B_G_F,SeasonalNaive,346991.27,12.68,2016-10,1707365.0
B_G_F,B_G_F,SeasonalNaive,346991.27,12.68,2016-11,2038131.0
B_G_F,B_G_F,SeasonalNaive,346991.27,12.68,2016-12,2721569.0
B_G_F,B_G_F,SeasonalNaive,346991.27,12.68,2017-01,1894881.0
B_G_F,B_G_F,SeasonalNaive,346991.27,12.68,2017-02,2060413.0
B_G_F,B_G_F,SeasonalNaive,346991.27,12.68,2017-03,3148990.0
B_G_F,B_G_F,SeasonalNaive,346991.27,12.68,2017-04,2242524.0
B_G_F,B_G_F,SeasonalNaive,346991.27,12.68,2017-05,1847982.0
B_G_F,B_G_F,SeasonalNaive,346991.27,12.68,2017-06,3103029.0
B_G_F,B_G_F,SeasonalNaive,346991.27,12.68,2017-07,2109194.0
B_G_F,B_G_F,SeasonalNaive,346991.27,12.68,2017-08,2357012.0
A_F_L,A_F_L,Nixtla_OptTheta,160611.39,7.41,2016-09,871269.11
A_F_L,A_F_L,Nixtla_OptTheta,160611.39,7.41,2016-10,568211.55
A_F_L,A_F_L,Nixtla_OptTheta,160611.39,7.41,2016-11,735983.14
A_F_L,A_F_L,Nixtla_OptTheta,160611.39,7.41,2016-12,1513634.18
A_F_L,A_F_L,Nixtla_OptTheta,160611.39,7.41,2017-01,318713.58
A_F_L,A_F_L,Nixtla_OptTheta,160611.39,7.41,2017-02,366043.74
A_F_L,A_F_L,Nixtla_OptTheta,160611.39,7.41,2017-03,358507.33
A_F_L,A_F_L,Nixtla_OptTheta,160611.39,7.41,2017-04,211382.68
A_F_L,A_F_L,Nixtla_OptTheta,160611.39,7.41,2017-05,168997.03
A_F_L,A_F_L,Nixtla_OptTheta,160611.39,7.41,2017-06,161450.66
A_F_L,A_F_L,Nixtla_OptTheta,160611.39,7.41,2017-07,71509.61
A_F_L,A_F_L,Nixtla_OptTheta,160611.39,7.41,2017-08,3118.64
C_E_U,C_E_U,Nixtla_AutoETS,453167.29,12.77,2016-09,3786256.65
C_E_U,C_E_U,Nixtla_AutoETS,453167.29,12.77,2016-10,2670125.47
C_E_U,C_E_U,Nixtla_AutoETS,453167.29,12.77,2016-11,3929378.66
C_E_U,C_E_U,Nixtla_AutoETS,453167.29,12.77,2016-12,12231787.03
C_E_U,C_E_U,Nixtla_AutoETS,453167.29,12.77,2017-01,3751554.65
C_E_U,C_E_U,Nixtla_AutoETS,453167.29,12.77,2017-02,3105073.96
C_E_U,C_E_U,Nixtla_AutoETS,453167.29,12.77,2017-03,3660254.24
C_E_U,C_E_U,Nixtla_AutoETS,453167.29,12.77,2017-04,3065220.13
C_E_U,C_E_U,Nixtla_AutoETS,453167.29,12.77,2017-05,3397421.93
C_E_U,C_E_U,Nixtla_AutoETS,453167.29,12.77,2017-06,4808047.93
C_E_U,C_E_U,Nixtla_AutoETS,453167.29,12.77,2017-07,4816880.46
C_E_U,C_E_U,Nixtla_AutoETS,453167.29,12.77,2017-08,4437346.35
C_I_G,C_I_G,Nixtla_AutoETS,71840.76,2.4,2016-09,2067354.42
C_I_G,C_I_G,Nixtla_AutoETS,71840.76,2.4,2016-10,1559852.15
C_I_G,C_I_G,Nixtla_AutoETS,71840.76,2.4,2016-11,1670771.25
C_I_G,C_I_G,Nixtla_AutoETS,71840.76,2.4,2016-12,2414027.43
C_I_G,C_I_G,Nixtla_AutoETS,71840.76,2.4,2017-01,1466818.66
C_I_G,C_I_G,Nixtla_AutoETS,71840.76,2.4,2017-02,1570875.5
C_I_G,C_I_G,Nixtla_AutoETS,71840.76,2.4,2017-03,1940949.12
C_I_G,C_I_G,Nixtla_AutoETS,71840.76,2.4,2017-04,1441770.87
C_I_G,C_I_G,Nixtla_AutoETS,71840.76,2.4,2017-05,1239630.13
C_I_G,C_I_G,Nixtla_AutoETS,71840.76,2.4,2017-06,1687358.58
C_I_G,C_I_G,Nixtla_AutoETS,71840.76,2.4,2017-07,1315192.19
C_I_G,C_I_G,Nixtla_AutoETS,71840.76,2.4,2017-08,1483143.79
C_J_Z,C_J_Z,"ETS(M,A,M)",326780.3,21.45,2016-09,1176198.05
C_J_Z,C_J_Z,"ETS(M,A,M)",326780.3,21.45,2016-10,972791.78
C_J_Z,C_J_Z,"ETS(M,A,M)",326780.3,21.45,2016-11,1247160.66
C_J_Z,C_J_Z,"ETS(M,A,M)",326780.3,21.45,2016-12,3067954.33
C_J_Z,C_J_Z,"ETS(M,A,M)",326780.3,21.45,2017-01,1399311.55
C_J_Z,C_J_Z,"ETS(M,A,M)",326780.3,21.45,2017-02,1178427.39
C_J_Z,C_J_Z,"ETS(M,A,M)",326780.3,21.45,2017-03,1292545.51
C_J_Z,C_J_Z,"ETS(M,A,M)",326780.3,21.45,2017-04,973517.93
C_J_Z,C_J_Z,"ETS(M,A,M)",326780.3,21.45,2017-05,1010406.26
C_J_Z,C_J_Z,"ETS(M,A,M)",326780.3,21.45,2017-06,1282176.48
C_J_Z,C_J_Z,"ETS(M,A,M)",326780.3,21.45,2017-07,1099766.9
C_J_Z,C_J_Z,"ETS(M,A,M)",326780.3,21.45,2017-08,1116975.77
A_E_U,A_E_U,Drift_25pct,187107.3,5.84,2016-09,1728332.0
A_E_U,A_E_U,Drift_25pct,187107.3,5.84,2016-10,1296849.0
A_E_U,A_E_U,Drift_25pct,187107.3,5.84,2016-11,2889028.0
A_E_U,A_E_U,Drift_25pct,187107.3,5.84,2016-12,7068157.0
A_E_U,A_E_U,Drift_25pct,187107.3,5.84,2017-01,1113877.0
A_E_U,A_E_U,Drift_25pct,187107.3,5.84,2017-02,1492482.0
A_E_U,A_E_U,Drift_25pct,187107.3,5.84,2017-03,1759233.0
A_E_U,A_E_U,Drift_25pct,187107.3,5.84,2017-04,1369538.0
A_E_U,A_E_U,Drift_25pct,187107.3,5.84,2017-05,1647726.0
A_E_U,A_E_U,Drift_25pct,187107.3,5.84,2017-06,2297893.0
A_E_U,A_E_U,Drift_25pct,187107.3,5.84,2017-07,1681710.0
A_E_U,A_E_U,Drift_25pct,187107.3,5.84,2017-08,1662542.0
B_F_S,B_F_S,Drift_75pct,231113.62,11.77,2016-09,1596638.0
B_F_S,B_F_S,Drift_75pct,231113.62,11.77,2016-10,1354425.0
B_F_S,B_F_S,Drift_75pct,231113.62,11.77,2016-11,2107917.0
B_F_S,B_F_S,Drift_75pct,231113.62,11.77,2016-12,1558224.0
B_F_S,B_F_S,Drift_75pct,231113.62,11.77,2017-01,1746089.0
B_F_S,B_F_S,Drift_75pct,231113.62,11.77,2017-02,2244871.0
B_F_S,B_F_S,Drift_75pct,231113.62,11.77,2017-03,1484219.0
B_F_S,B_F_S,Drift_75pct,231113.62,11.77,2017-04,1840043.0
B_F_S,B_F_S,Drift_75pct,231113.62,11.77,2017-05,3742965.0
B_F_S,B_F_S,Drift_75pct,231113.62,11.77,2017-06,1997524.0
B_F_S,B_F_S,Drift_75pct,231113.62,11.77,2017-07,1776251.0
B_F_S,B_F_S,Drift_75pct,231113.62,11.77,2017-08,2464350.0
B_B_R,B_B_R,"ETS(A,Md,A)",393027.93,16.99,2016-09,2561872.2
B_B_R,B_B_R,"ETS(A,Md,A)",393027.93,16.99,2016-10,1948894.29
B_B_R,B_B_R,"ETS(A,Md,A)",393027.93,16.99,2016-11,2239943.58
B_B_R,B_B_R,"ETS(A,Md,A)",393027.93,16.99,2016-12,2661275.48
B_B_R,B_B_R,"ETS(A,Md,A)",393027.93,16.99,2017-01,1994689.13
B_B_R,B_B_R,"ETS(A,Md,A)",393027.93,16.99,2017-02,2163026.27
B_B_R,B_B_R,"ETS(A,Md,A)",393027.93,16.99,2017-03,2793918.83
B_B_R,B_B_R,"ETS(A,Md,A)",393027.93,16.99,2017-04,2341275.73
B_B_R,B_B_R,"ETS(A,Md,A)",393027.93,16.99,2017-05,2070747.04
B_B_R,B_B_R,"ETS(A,Md,A)",393027.93,16.99,2017-06,2769123.12
B_B_R,B_B_R,"ETS(A,Md,A)",393027.93,16.99,2017-07,2272784.6
B_B_R,B_B_R,"ETS(A,Md,A)",393027.93,16.99,2017-08,2564497.85
A_I_G,A_I_G,Nixtla_OptTheta,92352.76,5.89,2016-09,1375634.73
A_I_G,A_I_G,Nixtla_OptTheta,92352.76,5.89,2016-10,1039328.96
A_I_G,A_I_G,Nixtla_OptTheta,92352.76,5.89,2016-11,1107148.77
A_I_G,A_I_G,Nixtla_OptTheta,92352.76,5.89,2016-12,1243943.58
A_I_G,A_I_G,Nixtla_OptTheta,92352.76,5.89,2017-01,1170007.58
A_I_G,A_I_G,Nixtla_OptTheta,92352.76,5.89,2017-02,1275677.89
A_I_G,A_I_G,Nixtla_OptTheta,92352.76,5.89,2017-03,1456046.23
A_I_G,A_I_G,Nixtla_OptTheta,92352.76,5.89,2017-04,1002667.38
A_I_G,A_I_G,Nixtla_OptTheta,92352.76,5.89,2017-05,897188.25
A_I_G,A_I_G,Nixtla_OptTheta,92352.76,5.89,2017-06,1106332.85
A_I_G,A_I_G,Nixtla_OptTheta,92352.76,5.89,2017-07,956175.82
A_I_G,A_I_G,Nixtla_OptTheta,92352.76,5.89,2017-08,1000998.45
A_J_A1,A_J_A1,"ETS(M,Md,M)",82976.66,5.95,2016-09,780733.24
A_J_A1,A_J_A1,"ETS(M,Md,M)",82976.66,5.95,2016-10,545878.52
A_J_A1,A_J_A1,"ETS(M,Md,M)",82976.66,5.95,2016-11,828937.63
A_J_A1,A_J_A1,"ETS(M,Md,M)",82976.66,5.95,2016-12,1971443.31
A_J_A1,A_J_A1,"ETS(M,Md,M)",82976.66,5.95,2017-01,698262.25
A_J_A1,A_J_A1,"ETS(M,Md,M)",82976.66,5.95,2017-02,712841.45
A_J_A1,A_J_A1,"ETS(M,Md,M)",82976.66,5.95,2017-03,801571.34
A_J_A1,A_J_A1,"ETS(M,Md,M)",82976.66,5.95,2017-04,569830.64
A_J_A1,A_J_A1,"ETS(M,Md,M)",82976.66,5.95,2017-05,615933.66
A_J_A1,A_J_A1,"ETS(M,Md,M)",82976.66,5.95,2017-06,768079.6
A_J_A1,A_J_A1,"ETS(M,Md,M)",82976.66,5.95,2017-07,627044.91
A_J_A1,A_J_A1,"ETS(M,Md,M)",82976.66,5.95,2017-08,697675.18
C_B_R,C_B_R,Nixtla_OptTheta,166446.91,7.7,2016-09,1595586.9
C_B_R,C_B_R,Nixtla_OptTheta,166446.91,7.7,2016-10,1199405.25
C_B_R,C_B_R,Nixtla_OptTheta,166446.91,7.7,2016-11,1398675.05
C_B_R,C_B_R,Nixtla_OptTheta,166446.91,7.7,2016-12,2788804.72
C_B_R,C_B_R,Nixtla_OptTheta,166446.91,7.7,2017-01,1501932.92
C_B_R,C_B_R,Nixtla_OptTheta,166446.91,7.7,2017-02,1433013.09
C_B_R,C_B_R,Nixtla_OptTheta,166446.91,7.7,2017-03,1664305.47
C_B_R,C_B_R,Nixtla_OptTheta,166446.91,7.7,2017-04,1222744.46
C_B_R,C_B_R,Nixtla_OptTheta,166446.91,7.7,2017-05,1129512.69
C_B_R,C_B_R,Nixtla_OptTheta,166446.91,7.7,2017-06,1480337.53
C_B_R,C_B_R,Nixtla_OptTheta,166446.91,7.7,2017-07,1203050.27
C_B_R,C_B_R,Nixtla_OptTheta,166446.91,7.7,2017-08,1363694.91
A_G_F,A_G_F,SeasonalNaive,26878.0,1.98,2016-09,1414264.0
A_G_F,A_G_F,SeasonalNaive,26878.0,1.98,2016-10,1044191.0
A_G_F,A_G_F,SeasonalNaive,26878.0,1.98,2016-11,1038988.0
A_G_F,A_G_F,SeasonalNaive,26878.0,1.98,2016-12,1288338.0
A_G_F,A_G_F,SeasonalNaive,26878.0,1.98,2017-01,1103216.0
A_G_F,A_G_F,SeasonalNaive,26878.0,1.98,2017-02,1131801.0
A_G_F,A_G_F,SeasonalNaive,26878.0,1.98,2017-03,1278840.0
A_G_F,A_G_F,SeasonalNaive,26878.0,1.98,2017-04,1007211.0
A_G_F,A_G_F,SeasonalNaive,26878.0,1.98,2017-05,1000105.0
A_G_F,A_G_F,SeasonalNaive,26878.0,1.98,2017-06,1300529.0
A_G_F,A_G_F,SeasonalNaive,26878.0,1.98,2017-07,1100678.0
A_G_F,A_G_F,SeasonalNaive,26878.0,1.98,2017-08,1137535.0
A_J_NULL_s39,A_J_NULL,Nixtla_DynOptTheta,70035.09,5.85,2016-09,1026103.96
A_J_NULL_s39,A_J_NULL,Nixtla_DynOptTheta,70035.09,5.85,2016-10,738842.13
A_J_NULL_s39,A_J_NULL,Nixtla_DynOptTheta,70035.09,5.85,2016-11,917106.72
A_J_NULL_s39,A_J_NULL,Nixtla_DynOptTheta,70035.09,5.85,2016-12,1758666.87
A_J_NULL_s39,A_J_NULL,Nixtla_DynOptTheta,70035.09,5.85,2017-01,885355.5
A_J_NULL_s39,A_J_NULL,Nixtla_DynOptTheta,70035.09,5.85,2017-02,913025.87
A_J_NULL_s39,A_J_NULL,Nixtla_DynOptTheta,70035.09,5.85,2017-03,1056603.44
A_J_NULL_s39,A_J_NULL,Nixtla_DynOptTheta,70035.09,5.85,2017-04,702703.1
A_J_NULL_s39,A_J_NULL,Nixtla_DynOptTheta,70035.09,5.85,2017-05,696074.05
A_J_NULL_s39,A_J_NULL,Nixtla_DynOptTheta,70035.09,5.85,2017-06,903957.86
A_J_NULL_s39,A_J_NULL,Nixtla_DynOptTheta,70035.09,5.85,2017-07,779450.79
A_J_NULL_s39,A_J_NULL,Nixtla_DynOptTheta,70035.09,5.85,2017-08,905463.26
A_J_NULL_s38,A_J_NULL,"ETS(M,M,M)",148261.14,10.42,2016-09,876983.31
A_J_NULL_s38,A_J_NULL,"ETS(M,M,M)",148261.14,10.42,2016-10,578727.61
A_J_NULL_s38,A_J_NULL,"ETS(M,M,M)",148261.14,10.42,2016-11,1030284.92
A_J_NULL_s38,A_J_NULL,"ETS(M,M,M)",148261.14,10.42,2016-12,2112867.08
A_J_NULL_s38,A_J_NULL,"ETS(M,M,M)",148261.14,10.42,2017-01,767208.75
A_J_NULL_s38,A_J_NULL,"ETS(M,M,M)",148261.14,10.42,2017-02,744707.75
A_J_NULL_s38,A_J_NULL,"ETS(M,M,M)",148261.14,10.42,2017-03,810561.55
A_J_NULL_s38,A_J_NULL,"ETS(M,M,M)",148261.14,10.42,2017-04,576527.51
A_J_NULL_s38,A_J_NULL,"ETS(M,M,M)",148261.14,10.42,2017-05,620225.41
A_J_NULL_s38,A_J_NULL,"ETS(M,M,M)",148261.14,10.42,2017-06,754177.37
A_J_NULL_s38,A_J_NULL,"ETS(M,M,M)",148261.14,10.42,2017-07,579386.4
A_J_NULL_s38,A_J_NULL,"ETS(M,M,M)",148261.14,10.42,2017-08,744506.01
B_G_D,B_G_D,Nixtla_MSTL,98673.85,7.25,2016-09,1289811.52
B_G_D,B_G_D,Nixtla_MSTL,98673.85,7.25,2016-10,823868.66
B_G_D,B_G_D,Nixtla_MSTL,98673.85,7.25,2016-11,982281.61
B_G_D,B_G_D,Nixtla_MSTL,98673.85,7.25,2016-12,1249321.77
B_G_D,B_G_D,Nixtla_MSTL,98673.85,7.25,2017-01,780319.49
B_G_D,B_G_D,Nixtla_MSTL,98673.85,7.25,2017-02,849050.99
B_G_D,B_G_D,Nixtla_MSTL,98673.85,7.25,2017-03,1330623.37
B_G_D,B_G_D,Nixtla_MSTL,98673.85,7.25,2017-04,996628.74
B_G_D,B_G_D,Nixtla_MSTL,98673.85,7.25,2017-05,797768.19
B_G_D,B_G_D,Nixtla_MSTL,98673.85,7.25,2017-06,1347931.91
B_G_D,B_G_D,Nixtla_MSTL,98673.85,7.25,2017-07,849290.64
B_G_D,B_G_D,Nixtla_MSTL,98673.85,7.25,2017-08,985895.69
A_A_E,A_A_E,SeasonalNaive,39401.88,2.76,2016-09,1201303.0
A_A_E,A_A_E,SeasonalNaive,39401.88,2.76,2016-10,887926.0
A_A_E,A_A_E,SeasonalNaive,39401.88,2.76,2016-11,832857.0
A_A_E,A_A_E,SeasonalNaive,39401.88,2.76,2016-12,1118580.0
A_A_E,A_A_E,SeasonalNaive,39401.88,2.76,2017-01,1039288.0
A_A_E,A_A_E,SeasonalNaive,39401.88,2.76,2017-02,951418.0
A_A_E,A_A_E,SeasonalNaive,39401.88,2.76,2017-03,1069458.0
A_A_E,A_A_E,SeasonalNaive,39401.88,2.76,2017-04,778416.0
A_A_E,A_A_E,SeasonalNaive,39401.88,2.76,2017-05,750565.0
A_A_E,A_A_E,SeasonalNaive,39401.88,2.76,2017-06,1032063.0
A_A_E,A_A_E,SeasonalNaive,39401.88,2.76,2017-07,821724.0
A_A_E,A_A_E,SeasonalNaive,39401.88,2.76,2017-08,986055.0
A_G_H,A_G_H,Nixtla_MSTL,37020.54,3.32,2016-09,1017350.28
A_G_H,A_G_H,Nixtla_MSTL,37020.54,3.32,2016-10,790953.82
A_G_H,A_G_H,Nixtla_MSTL,37020.54,3.32,2016-11,863433.51
A_G_H,A_G_H,Nixtla_MSTL,37020.54,3.32,2016-12,1187465.29
A_G_H,A_G_H,Nixtla_MSTL,37020.54,3.32,2017-01,931577.41
A_G_H,A_G_H,Nixtla_MSTL,37020.54,3.32,2017-02,936114.12
A_G_H,A_G_H,Nixtla_MSTL,37020.54,3.32,2017-03,1072784.21
A_G_H,A_G_H,Nixtla_MSTL,37020.54,3.32,2017-04,784466.57
A_G_H,A_G_H,Nixtla_MSTL,37020.54,3.32,2017-05,768382.27
A_G_H,A_G_H,Nixtla_MSTL,37020.54,3.32,2017-06,940500.15
A_G_H,A_G_H,Nixtla_MSTL,37020.54,3.32,2017-07,774034.8
A_G_H,A_G_H,Nixtla_MSTL,37020.54,3.32,2017-08,856734.99
A_C_W_s13,A_C_W,SeasonalNaive,42994.07,4.28,2016-09,965092.0
A_C_W_s13,A_C_W,SeasonalNaive,42994.07,4.28,2016-10,612730.0
A_C_W_s13,A_C_W,SeasonalNaive,42994.07,4.28,2016-11,1140668.0
A_C_W_s13,A_C_W,SeasonalNaive,42994.07,4.28,2016-12,1653718.0
A_C_W_s13,A_C_W,SeasonalNaive,42994.07,4.28,2017-01,617649.0
A_C_W_s13,A_C_W,SeasonalNaive,42994.07,4.28,2017-02,771306.0
A_C_W_s13,A_C_W,SeasonalNaive,42994.07,4.28,2017-03,803111.0
A_C_W_s13,A_C_W,SeasonalNaive,42994.07,4.28,2017-04,605105.0
A_C_W_s13,A_C_W,SeasonalNaive,42994.07,4.28,2017-05,604519.0
A_C_W_s13,A_C_W,SeasonalNaive,42994.07,4.28,2017-06,795786.0
A_C_W_s13,A_C_W,SeasonalNaive,42994.07,4.28,2017-07,712382.0
A_C_W_s13,A_C_W,SeasonalNaive,42994.07,4.28,2017-08,1012667.0
C_I_K,C_I_K,Nixtla_AutoARIMA,32603.74,2.17,2016-09,907409.78
C_I_K,C_I_K,Nixtla_AutoARIMA,32603.74,2.17,2016-10,691625.49
C_I_K,C_I_K,Nixtla_AutoARIMA,32603.74,2.17,2016-11,751662.28
C_I_K,C_I_K,Nixtla_AutoARIMA,32603.74,2.17,2016-12,1336772.69
C_I_K,C_I_K,Nixtla_AutoARIMA,32603.74,2.17,2017-01,746107.06
C_I_K,C_I_K,Nixtla_AutoARIMA,32603.74,2.17,2017-02,738865.0
C_I_K,C_I_K,Nixtla_AutoARIMA,32603.74,2.17,2017-03,842391.45
C_I_K,C_I_K,Nixtla_AutoARIMA,32603.74,2.17,2017-04,592311.98
C_I_K,C_I_K,Nixtla_AutoARIMA,32603.74,2.17,2017-05,504468.84
C_I_K,C_I_K,Nixtla_AutoARIMA,32603.74,2.17,2017-06,695661.8
C_I_K,C_I_K,Nixtla_AutoARIMA,32603.74,2.17,2017-07,529865.78
C_I_K,C_I_K,Nixtla_AutoARIMA,32603.74,2.17,2017-08,612017.78
A_C_W_s12,A_C_W,"ETS(M,M,M)",66979.26,7.93,2016-09,777356.58
A_C_W_s12,A_C_W,"ETS(M,M,M)",66979.26,7.93,2016-10,600852.34
A_C_W_s12,A_C_W,"ETS(M,M,M)",66979.26,7.93,2016-11,822081.76
A_C_W_s12,A_C_W,"ETS(M,M,M)",66979.26,7.93,2016-12,1101517.1
A_C_W_s12,A_C_W,"ETS(M,M,M)",66979.26,7.93,2017-01,609676.99
A_C_W_s12,A_C_W,"ETS(M,M,M)",66979.26,7.93,2017-02,683938.43
A_C_W_s12,A_C_W,"ETS(M,M,M)",66979.26,7.93,2017-03,736315.84
A_C_W_s12,A_C_W,"ETS(M,M,M)",66979.26,7.93,2017-04,531058.25
A_C_W_s12,A_C_W,"ETS(M,M,M)",66979.26,7.93,2017-05,469103.32
A_C_W_s12,A_C_W,"ETS(M,M,M)",66979.26,7.93,2017-06,579755.79
A_C_W_s12,A_C_W,"ETS(M,M,M)",66979.26,7.93,2017-07,507220.05
A_C_W_s12,A_C_W,"ETS(M,M,M)",66979.26,7.93,2017-08,572153.65
B_B_Q,B_B_Q,"ETS(A,Md,A)",421369.4,19.91,2016-09,1999301.85
B_B_Q,B_B_Q,"ETS(A,Md,A)",421369.4,19.91,2016-10,1872879.12
B_B_Q,B_B_Q,"ETS(A,Md,A)",421369.4,19.91,2016-11,2204831.97
B_B_Q,B_B_Q,"ETS(A,Md,A)",421369.4,19.91,2016-12,2545703.26
B_B_Q,B_B_Q,"ETS(A,Md,A)",421369.4,19.91,2017-01,2334175.76
B_B_Q,B_B_Q,"ETS(A,Md,A)",421369.4,19.91,2017-02,2590297.19
B_B_Q,B_B_Q,"ETS(A,Md,A)",421369.4,19.91,2017-03,3204775.85
B_B_Q,B_B_Q,"ETS(A,Md,A)",421369.4,19.91,2017-04,3132007.4
B_B_Q,B_B_Q,"ETS(A,Md,A)",421369.4,19.91,2017-05,3246392.93
B_B_Q,B_B_Q,"ETS(A,Md,A)",421369.4,19.91,2017-06,3971245.43
B_B_Q,B_B_Q,"ETS(A,Md,A)",421369.4,19.91,2017-07,3791627.77
B_B_Q,B_B_Q,"ETS(A,Md,A)",421369.4,19.91,2017-08,4207723.69
C_G_H,C_G_H,Nixtla_OptTheta,24658.47,2.76,2016-09,814549.76
C_G_H,C_G_H,Nixtla_OptTheta,24658.47,2.76,2016-10,645094.42
C_G_H,C_G_H,Nixtla_OptTheta,24658.47,2.76,2016-11,709514.16
C_G_H,C_G_H,Nixtla_OptTheta,24658.47,2.76,2016-12,1041990.55
C_G_H,C_G_H,Nixtla_OptTheta,24658.47,2.76,2017-01,697345.22
C_G_H,C_G_H,Nixtla_OptTheta,24658.47,2.76,2017-02,696743.02
C_G_H,C_G_H,Nixtla_OptTheta,24658.47,2.76,2017-03,827355.9
C_G_H,C_G_H,Nixtla_OptTheta,24658.47,2.76,2017-04,608427.86
C_G_H,C_G_H,Nixtla_OptTheta,24658.47,2.76,2017-05,527330.38
C_G_H,C_G_H,Nixtla_OptTheta,24658.47,2.76,2017-06,682220.43
C_G_H,C_G_H,Nixtla_OptTheta,24658.47,2.76,2017-07,530719.95
C_G_H,C_G_H,Nixtla_OptTheta,24658.47,2.76,2017-08,583483.03
C_B_P,C_B_P,Drift_75pct,96074.03,6.4,2016-09,707576.0
C_B_P,C_B_P,Drift_75pct,96074.03,6.4,2016-10,586918.0
C_B_P,C_B_P,Drift_75pct,96074.03,6.4,2016-11,789490.0
C_B_P,C_B_P,Drift_75pct,96074.03,6.4,2016-12,2084681.0
C_B_P,C_B_P,Drift_75pct,96074.03,6.4,2017-01,807989.0
C_B_P,C_B_P,Drift_75pct,96074.03,6.4,2017-02,691892.0
C_B_P,C_B_P,Drift_75pct,96074.03,6.4,2017-03,810865.0
C_B_P,C_B_P,Drift_75pct,96074.03,6.4,2017-04,593327.0
C_B_P,C_B_P,Drift_75pct,96074.03,6.4,2017-05,531289.0
C_B_P,C_B_P,Drift_75pct,96074.03,6.4,2017-06,696573.0
C_B_P,C_B_P,Drift_75pct,96074.03,6.4,2017-07,584280.0
C_B_P,C_B_P,Drift_75pct,96074.03,6.4,2017-08,583162.0
B_G_J,B_G_J,"ETS(A,A,A)",110375.19,13.37,2016-09,823586.8
B_G_J,B_G_J,"ETS(A,A,A)",110375.19,13.37,2016-10,524654.89
B_G_J,B_G_J,"ETS(A,A,A)",110375.19,13.37,2016-11,627165.24
B_G_J,B_G_J,"ETS(A,A,A)",110375.19,13.37,2016-12,897105.55
B_G_J,B_G_J,"ETS(A,A,A)",110375.19,13.37,2017-01,609699.82
B_G_J,B_G_J,"ETS(A,A,A)",110375.19,13.37,2017-02,618480.9
B_G_J,B_G_J,"ETS(A,A,A)",110375.19,13.37,2017-03,887921.3
B_G_J,B_G_J,"ETS(A,A,A)",110375.19,13.37,2017-04,667134.35
B_G_J,B_G_J,"ETS(A,A,A)",110375.19,13.37,2017-05,496109.54
B_G_J,B_G_J,"ETS(A,A,A)",110375.19,13.37,2017-06,726971.63
B_G_J,B_G_J,"ETS(A,A,A)",110375.19,13.37,2017-07,507721.7
B_G_J,B_G_J,"ETS(A,A,A)",110375.19,13.37,2017-08,605231.66
A_G_J,A_G_J,"ETS(M,A,M)",42409.1,6.52,2016-09,650732.52
A_G_J,A_G_J,"ETS(M,A,M)",42409.1,6.52,2016-10,499135.68
A_G_J,A_G_J,"ETS(M,A,M)",42409.1,6.52,2016-11,653413.08
A_G_J,A_G_J,"ETS(M,A,M)",42409.1,6.52,2016-12,1024560.17
A_G_J,A_G_J,"ETS(M,A,M)",42409.1,6.52,2017-01,585084.19
A_G_J,A_G_J,"ETS(M,A,M)",42409.1,6.52,2017-02,582806.77
A_G_J,A_G_J,"ETS(M,A,M)",42409.1,6.52,2017-03,652688.42
A_G_J,A_G_J,"ETS(M,A,M)",42409.1,6.52,2017-04,458538.3
A_G_J,A_G_J,"ETS(M,A,M)",42409.1,6.52,2017-05,454818.9
A_G_J,A_G_J,"ETS(M,A,M)",42409.1,6.52,2017-06,562044.78
A_G_J,A_G_J,"ETS(M,A,M)",42409.1,6.52,2017-07,501272.15
A_G_J,A_G_J,"ETS(M,A,M)",42409.1,6.52,2017-08,572097.26
A_H_A3,A_H_A3,Nixtla_AutoARIMA,21795.49,4.07,2016-09,550386.97
A_H_A3,A_H_A3,Nixtla_AutoARIMA,21795.49,4.07,2016-10,390879.97
A_H_A3,A_H_A3,Nixtla_AutoARIMA,21795.49,4.07,2016-11,433512.97
A_H_A3,A_H_A3,Nixtla_AutoARIMA,21795.49,4.07,2016-12,623290.97
A_H_A3,A_H_A3,Nixtla_AutoARIMA,21795.49,4.07,2017-01,418983.97
A_H_A3,A_H_A3,Nixtla_AutoARIMA,21795.49,4.07,2017-02,418628.97
A_H_A3,A_H_A3,Nixtla_AutoARIMA,21795.49,4.07,2017-03,524531.97
A_H_A3,A_H_A3,Nixtla_AutoARIMA,21795.49,4.07,2017-04,369886.97
A_H_A3,A_H_A3,Nixtla_AutoARIMA,21795.49,4.07,2017-05,375542.97
A_H_A3,A_H_A3,Nixtla_AutoARIMA,21795.49,4.07,2017-06,452222.97
A_H_A3,A_H_A3,Nixtla_AutoARIMA,21795.49,4.07,2017-07,349397.97
A_H_A3,A_H_A3,Nixtla_AutoARIMA,21795.49,4.07,2017-08,404172.97
C_F_L,C_F_L,GradientBoosting,46796.53,14.38,2016-09,238931.26
C_F_L,C_F_L,GradientBoosting,46796.53,14.38,2016-10,238256.74
C_F_L,C_F_L,GradientBoosting,46796.53,14.38,2016-11,288544.03
C_F_L,C_F_L,GradientBoosting,46796.53,14.38,2016-12,924243.4
C_F_L,C_F_L,GradientBoosting,46796.53,14.38,2017-01,278757.12
C_F_L,C_F_L,GradientBoosting,46796.53,14.38,2017-02,278308.44
C_F_L,C_F_L,GradientBoosting,46796.53,14.38,2017-03,253506.31
C_F_L,C_F_L,GradientBoosting,46796.53,14.38,2017-04,250191.7
C_F_L,C_F_L,GradientBoosting,46796.53,14.38,2017-05,245336.48
C_F_L,C_F_L,GradientBoosting,46796.53,14.38,2017-06,284008.72
C_F_L,C_F_L,GradientBoosting,46796.53,14.38,2017-07,262511.56
C_F_L,C_F_L,GradientBoosting,46796.53,14.38,2017-08,239891.37
A_B_R,A_B_R,Nixtla_AutoARIMA,43292.5,6.02,2016-09,674153.91
A_B_R,A_B_R,Nixtla_AutoARIMA,43292.5,6.02,2016-10,484004.61
A_B_R,A_B_R,Nixtla_AutoARIMA,43292.5,6.02,2016-11,845134.61
A_B_R,A_B_R,Nixtla_AutoARIMA,43292.5,6.02,2016-12,1467458.61
A_B_R,A_B_R,Nixtla_AutoARIMA,43292.5,6.02,2017-01,620610.61
A_B_R,A_B_R,Nixtla_AutoARIMA,43292.5,6.02,2017-02,650795.61
A_B_R,A_B_R,Nixtla_AutoARIMA,43292.5,6.02,2017-03,691098.61
A_B_R,A_B_R,Nixtla_AutoARIMA,43292.5,6.02,2017-04,546085.61
A_B_R,A_B_R,Nixtla_AutoARIMA,43292.5,6.02,2017-05,560185.61
A_B_R,A_B_R,Nixtla_AutoARIMA,43292.5,6.02,2017-06,832822.61
A_B_R,A_B_R,Nixtla_AutoARIMA,43292.5,6.02,2017-07,679525.61
A_B_R,A_B_R,Nixtla_AutoARIMA,43292.5,6.02,2017-08,747411.61
C_G_J,C_G_J,Nixtla_AutoARIMA,26642.95,4.44,2016-09,513270.07
C_G_J,C_G_J,Nixtla_AutoARIMA,26642.95,4.44,2016-10,413678.32
C_G_J,C_G_J,Nixtla_AutoARIMA,26642.95,4.44,2016-11,520513.42
C_G_J,C_G_J,Nixtla_AutoARIMA,26642.95,4.44,2016-12,876104.97
C_G_J,C_G_J,Nixtla_AutoARIMA,26642.95,4.44,2017-01,474963.62
C_G_J,C_G_J,Nixtla_AutoARIMA,26642.95,4.44,2017-02,447143.5
C_G_J,C_G_J,Nixtla_AutoARIMA,26642.95,4.44,2017-03,509412.13
C_G_J,C_G_J,Nixtla_AutoARIMA,26642.95,4.44,2017-04,350872.77
C_G_J,C_G_J,Nixtla_AutoARIMA,26642.95,4.44,2017-05,320808.46
C_G_J,C_G_J,Nixtla_AutoARIMA,26642.95,4.44,2017-06,431256.71
C_G_J,C_G_J,Nixtla_AutoARIMA,26642.95,4.44,2017-07,339633.88
C_G_J,C_G_J,Nixtla_AutoARIMA,26642.95,4.44,2017-08,349369.35
C_G_D,C_G_D,"ETS(A,Ad,A)",26894.08,4.45,2016-09,622817.72
C_G_D,C_G_D,"ETS(A,Ad,A)",26894.08,4.45,2016-10,474125.86
C_G_D,C_G_D,"ETS(A,Ad,A)",26894.08,4.45,2016-11,509003.04
C_G_D,C_G_D,"ETS(A,Ad,A)",26894.08,4.45,2016-12,712077.73
C_G_D,C_G_D,"ETS(A,Ad,A)",26894.08,4.45,2017-01,418548.73
C_G_D,C_G_D,"ETS(A,Ad,A)",26894.08,4.45,2017-02,454821.53
C_G_D,C_G_D,"ETS(A,Ad,A)",26894.08,4.45,2017-03,607321.57
C_G_D,C_G_D,"ETS(A,Ad,A)",26894.08,4.45,2017-04,442199.57
C_G_D,C_G_D,"ETS(A,Ad,A)",26894.08,4.45,2017-05,376418.93
C_G_D,C_G_D,"ETS(A,Ad,A)",26894.08,4.45,2017-06,526451.43
C_G_D,C_G_D,"ETS(A,Ad,A)",26894.08,4.45,2017-07,396238.24
C_G_D,C_G_D,"ETS(A,Ad,A)",26894.08,4.45,2017-08,439843.52
A_A_B,A_A_B,"ETS(M,Ad,M)",22056.74,4.54,2016-09,332199.89
A_A_B,A_A_B,"ETS(M,Ad,M)",22056.74,4.54,2016-10,226079.95
A_A_B,A_A_B,"ETS(M,Ad,M)",22056.74,4.54,2016-11,282731.5
A_A_B,A_A_B,"ETS(M,Ad,M)",22056.74,4.54,2016-12,515907.56
A_A_B,A_A_B,"ETS(M,Ad,M)",22056.74,4.54,2017-01,250531.18
A_A_B,A_A_B,"ETS(M,Ad,M)",22056.74,4.54,2017-02,259177.34
A_A_B,A_A_B,"ETS(M,Ad,M)",22056.74,4.54,2017-03,291197.94
A_A_B,A_A_B,"ETS(M,Ad,M)",22056.74,4.54,2017-04,197595.9
A_A_B,A_A_B,"ETS(M,Ad,M)",22056.74,4.54,2017-05,190986.63
A_A_B,A_A_B,"ETS(M,Ad,M)",22056.74,4.54,2017-06,242076.33
A_A_B,A_A_B,"ETS(M,Ad,M)",22056.74,4.54,2017-07,188753.92
A_A_B,A_A_B,"ETS(M,Ad,M)",22056.74,4.54,2017-08,235067.33
B_E_U,B_E_U,"ETS(M,N,M)",35996.05,5.25,2016-09,618225.88
B_E_U,B_E_U,"ETS(M,N,M)",35996.05,5.25,2016-10,387457.01
B_E_U,B_E_U,"ETS(M,N,M)",35996.05,5.25,2016-11,510375.12
B_E_U,B_E_U,"ETS(M,N,M)",35996.05,5.25,2016-12,1613775.76
B_E_U,B_E_U,"ETS(M,N,M)",35996.05,5.25,2017-01,556612.18
B_E_U,B_E_U,"ETS(M,N,M)",35996.05,5.25,2017-02,493556.37
B_E_U,B_E_U,"ETS(M,N,M)",35996.05,5.25,2017-03,672827.35
B_E_U,B_E_U,"ETS(M,N,M)",35996.05,5.25,2017-04,488066.48
B_E_U,B_E_U,"ETS(M,N,M)",35996.05,5.25,2017-05,406821.38
B_E_U,B_E_U,"ETS(M,N,M)",35996.05,5.25,2017-06,595694.13
B_E_U,B_E_U,"ETS(M,N,M)",35996.05,5.25,2017-07,451470.8
B_E_U,B_E_U,"ETS(M,N,M)",35996.05,5.25,2017-08,493802.58
A_B_P,A_B_P,Nixtla_DynOptTheta,50367.73,9.37,2016-09,493540.68
A_B_P,A_B_P,Nixtla_DynOptTheta,50367.73,9.37,2016-10,392809.79
A_B_P,A_B_P,Nixtla_DynOptTheta,50367.73,9.37,2016-11,637714.47
A_B_P,A_B_P,Nixtla_DynOptTheta,50367.73,9.37,2016-12,1252275.09
A_B_P,A_B_P,Nixtla_DynOptTheta,50367.73,9.37,2017-01,440935.31
A_B_P,A_B_P,Nixtla_DynOptTheta,50367.73,9.37,2017-02,498479.62
A_B_P,A_B_P,Nixtla_DynOptTheta,50367.73,9.37,2017-03,644798.38
A_B_P,A_B_P,Nixtla_DynOptTheta,50367.73,9.37,2017-04,399091.14
A_B_P,A_B_P,Nixtla_DynOptTheta,50367.73,9.37,2017-05,381693.94
A_B_P,A_B_P,Nixtla_DynOptTheta,50367.73,9.37,2017-06,539316.96
A_B_P,A_B_P,Nixtla_DynOptTheta,50367.73,9.37,2017-07,472987.61
A_B_P,A_B_P,Nixtla_DynOptTheta,50367.73,9.37,2017-08,480402.68
B_A_E,B_A_E,Nixtla_AutoETS,15131.42,5.63,2016-09,263209.19
B_A_E,B_A_E,Nixtla_AutoETS,15131.42,5.63,2016-10,160896.37
B_A_E,B_A_E,Nixtla_AutoETS,15131.42,5.63,2016-11,185327.96
B_A_E,B_A_E,Nixtla_AutoETS,15131.42,5.63,2016-12,260700.44
B_A_E,B_A_E,Nixtla_AutoETS,15131.42,5.63,2017-01,182788.59
B_A_E,B_A_E,Nixtla_AutoETS,15131.42,5.63,2017-02,198038.37
B_A_E,B_A_E,Nixtla_AutoETS,15131.42,5.63,2017-03,283987.44
B_A_E,B_A_E,Nixtla_AutoETS,15131.42,5.63,2017-04,213670.95
B_A_E,B_A_E,Nixtla_AutoETS,15131.42,5.63,2017-05,169311.35
B_A_E,B_A_E,Nixtla_AutoETS,15131.42,5.63,2017-06,254543.52
B_A_E,B_A_E,Nixtla_AutoETS,15131.42,5.63,2017-07,176516.41
B_A_E,B_A_E,Nixtla_AutoETS,15131.42,5.63,2017-08,208021.92
A_A_A,A_A_A,Nixtla_MSTL,39149.32,9.13,2016-09,388667.4
A_A_A,A_A_A,Nixtla_MSTL,39149.32,9.13,2016-10,301556.7
A_A_A,A_A_A,Nixtla_MSTL,39149.32,9.13,2016-11,387648.63
A_A_A,A_A_A,Nixtla_MSTL,39149.32,9.13,2016-12,658052.26
A_A_A,A_A_A,Nixtla_MSTL,39149.32,9.13,2017-01,308927.4
A_A_A,A_A_A,Nixtla_MSTL,39149.32,9.13,2017-02,332748.63
A_A_A,A_A_A,Nixtla_MSTL,39149.32,9.13,2017-03,374563.57
A_A_A,A_A_A,Nixtla_MSTL,39149.32,9.13,2017-04,266529.85
A_A_A,A_A_A,Nixtla_MSTL,39149.32,9.13,2017-05,259524.35
A_A_A,A_A_A,Nixtla_MSTL,39149.32,9.13,2017-06,333189.1
A_A_A,A_A_A,Nixtla_MSTL,39149.32,9.13,2017-07,281336.32
A_A_A,A_A_A,Nixtla_MSTL,39149.32,9.13,2017-08,331780.99
A_J_NULL_s36,A_J_NULL,Nixtla_AutoARIMA,45939.95,23.8,2016-09,130844.17
A_J_NULL_s36,A_J_NULL,Nixtla_AutoARIMA,45939.95,23.8,2016-10,59330.0
A_J_NULL_s36,A_J_NULL,Nixtla_AutoARIMA,45939.95,23.8,2016-11,83746.16
A_J_NULL_s36,A_J_NULL,Nixtla_AutoARIMA,45939.95,23.8,2016-12,208226.13
A_J_NULL_s36,A_J_NULL,Nixtla_AutoARIMA,45939.95,23.8,2017-01,5629.86
A_J_NULL_s36,A_J_NULL,Nixtla_AutoARIMA,45939.95,23.8,2017-02,28443.96
A_J_NULL_s36,A_J_NULL,Nixtla_AutoARIMA,45939.95,23.8,2017-03,40462.37
A_J_NULL_s36,A_J_NULL,Nixtla_AutoARIMA,45939.95,23.8,2017-04,-6926.74
A_J_NULL_s36,A_J_NULL,Nixtla_AutoARIMA,45939.95,23.8,2017-05,1437.82
A_J_NULL_s36,A_J_NULL,Nixtla_AutoARIMA,45939.95,23.8,2017-06,15029.05
A_J_NULL_s36,A_J_NULL,Nixtla_AutoARIMA,45939.95,23.8,2017-07,-1198.78
A_J_NULL_s36,A_J_NULL,Nixtla_AutoARIMA,45939.95,23.8,2017-08,-11246.89
A_C_NULL_s17,A_C_NULL,GradientBoosting,86978.4,22.92,2016-09,314082.58
A_C_NULL_s17,A_C_NULL,GradientBoosting,86978.4,22.92,2016-10,248333.78
A_C_NULL_s17,A_C_NULL,GradientBoosting,86978.4,22.92,2016-11,778166.98
A_C_NULL_s17,A_C_NULL,GradientBoosting,86978.4,22.92,2016-12,918456.06
A_C_NULL_s17,A_C_NULL,GradientBoosting,86978.4,22.92,2017-01,300694.83
A_C_NULL_s17,A_C_NULL,GradientBoosting,86978.4,22.92,2017-02,260432.36
A_C_NULL_s17,A_C_NULL,GradientBoosting,86978.4,22.92,2017-03,304072.77
A_C_NULL_s17,A_C_NULL,GradientBoosting,86978.4,22.92,2017-04,199271.41
A_C_NULL_s17,A_C_NULL,GradientBoosting,86978.4,22.92,2017-05,182841.86
A_C_NULL_s17,A_C_NULL,GradientBoosting,86978.4,22.92,2017-06,289737.39
A_C_NULL_s17,A_C_NULL,GradientBoosting,86978.4,22.92,2017-07,243677.85
A_C_NULL_s17,A_C_NULL,GradientBoosting,86978.4,22.92,2017-08,250248.5
C_B_Q,C_B_Q,Drift_75pct,41498.2,5.27,2016-09,398339.0
C_B_Q,C_B_Q,Drift_75pct,41498.2,5.27,2016-10,298979.0
C_B_Q,C_B_Q,Drift_75pct,41498.2,5.27,2016-11,379875.0
C_B_Q,C_B_Q,Drift_75pct,41498.2,5.27,2016-12,939838.0
C_B_Q,C_B_Q,Drift_75pct,41498.2,5.27,2017-01,403974.0
C_B_Q,C_B_Q,Drift_75pct,41498.2,5.27,2017-02,366664.0
C_B_Q,C_B_Q,Drift_75pct,41498.2,5.27,2017-03,417895.0
C_B_Q,C_B_Q,Drift_75pct,41498.2,5.27,2017-04,308507.0
C_B_Q,C_B_Q,Drift_75pct,41498.2,5.27,2017-05,276051.0
C_B_Q,C_B_Q,Drift_75pct,41498.2,5.27,2017-06,404299.0
C_B_Q,C_B_Q,Drift_75pct,41498.2,5.27,2017-07,345822.0
C_B_Q,C_B_Q,Drift_75pct,41498.2,5.27,2017-08,371942.0
B_J_NULL,B_J_NULL,"ETS(A,Md,A)",108319.54,25.33,2016-09,353238.85
B_J_NULL,B_J_NULL,"ETS(A,Md,A)",108319.54,25.33,2016-10,265516.59
B_J_NULL,B_J_NULL,"ETS(A,Md,A)",108319.54,25.33,2016-11,302202.36
B_J_NULL,B_J_NULL,"ETS(A,Md,A)",108319.54,25.33,2016-12,513864.97
B_J_NULL,B_J_NULL,"ETS(A,Md,A)",108319.54,25.33,2017-01,368561.98
B_J_NULL,B_J_NULL,"ETS(A,Md,A)",108319.54,25.33,2017-02,357187.38
B_J_NULL,B_J_NULL,"ETS(A,Md,A)",108319.54,25.33,2017-03,454284.93
B_J_NULL,B_J_NULL,"ETS(A,Md,A)",108319.54,25.33,2017-04,358257.61
B_J_NULL,B_J_NULL,"ETS(A,Md,A)",108319.54,25.33,2017-05,320156.85
B_J_NULL,B_J_NULL,"ETS(A,Md,A)",108319.54,25.33,2017-06,443136.8
B_J_NULL,B_J_NULL,"ETS(A,Md,A)",108319.54,25.33,2017-07,354843.57
B_J_NULL,B_J_NULL,"ETS(A,Md,A)",108319.54,25.33,2017-08,384559.22
A_I_NULL,A_I_NULL,SeasonalNaive,15659.63,5.34,2016-09,399422.0
A_I_NULL,A_I_NULL,SeasonalNaive,15659.63,5.34,2016-10,293521.0
A_I_NULL,A_I_NULL,SeasonalNaive,15659.63,5.34,2016-11,234808.0
A_I_NULL,A_I_NULL,SeasonalNaive,15659.63,5.34,2016-12,220233.0
A_I_NULL,A_I_NULL,SeasonalNaive,15659.63,5.34,2017-01,263013.0
A_I_NULL,A_I_NULL,SeasonalNaive,15659.63,5.34,2017-02,285856.0
A_I_NULL,A_I_NULL,SeasonalNaive,15659.63,5.34,2017-03,325191.0
A_I_NULL,A_I_NULL,SeasonalNaive,15659.63,5.34,2017-04,276136.0
A_I_NULL,A_I_NULL,SeasonalNaive,15659.63,5.34,2017-05,259371.0
A_I_NULL,A_I_NULL,SeasonalNaive,15659.63,5.34,2017-06,257382.0
A_I_NULL,A_I_NULL,SeasonalNaive,15659.63,5.34,2017-07,198222.0
A_I_NULL,A_I_NULL,SeasonalNaive,15659.63,5.34,2017-08,304636.0
A_F_T,A_F_T,"ETS(M,Md,M)",33976.59,12.28,2016-09,224069.11
A_F_T,A_F_T,"ETS(M,Md,M)",33976.59,12.28,2016-10,190979.37
A_F_T,A_F_T,"ETS(M,Md,M)",33976.59,12.28,2016-11,414900.66
A_F_T,A_F_T,"ETS(M,Md,M)",33976.59,12.28,2016-12,998331.55
A_F_T,A_F_T,"ETS(M,Md,M)",33976.59,12.28,2017-01,178343.47
A_F_T,A_F_T,"ETS(M,Md,M)",33976.59,12.28,2017-02,198350.72
A_F_T,A_F_T,"ETS(M,Md,M)",33976.59,12.28,2017-03,233001.96
A_F_T,A_F_T,"ETS(M,Md,M)",33976.59,12.28,2017-04,170979.26
A_F_T,A_F_T,"ETS(M,Md,M)",33976.59,12.28,2017-05,195652.9
A_F_T,A_F_T,"ETS(M,Md,M)",33976.59,12.28,2017-06,256794.52
A_F_T,A_F_T,"ETS(M,Md,M)",33976.59,12.28,2017-07,192830.54
A_F_T,A_F_T,"ETS(M,Md,M)",33976.59,12.28,2017-08,221828.54
C_A_A,C_A_A,GradientBoosting,12285.03,5.64,2016-09,189201.72
C_A_A,C_A_A,GradientBoosting,12285.03,5.64,2016-10,149485.23
C_A_A,C_A_A,GradientBoosting,12285.03,5.64,2016-11,158734.71
C_A_A,C_A_A,GradientBoosting,12285.03,5.64,2016-12,387045.15
C_A_A,C_A_A,GradientBoosting,12285.03,5.64,2017-01,161484.75
C_A_A,C_A_A,GradientBoosting,12285.03,5.64,2017-02,159922.48
C_A_A,C_A_A,GradientBoosting,12285.03,5.64,2017-03,165336.96
C_A_A,C_A_A,GradientBoosting,12285.03,5.64,2017-04,145602.36
C_A_A,C_A_A,GradientBoosting,12285.03,5.64,2017-05,140176.33
C_A_A,C_A_A,GradientBoosting,12285.03,5.64,2017-06,158094.75
C_A_A,C_A_A,GradientBoosting,12285.03,5.64,2017-07,145138.48
C_A_A,C_A_A,GradientBoosting,12285.03,5.64,2017-08,139188.67
C_J_NULL,C_J_NULL,"ETS(M,N,M)",18778.11,6.48,2016-09,274326.86
C_J_NULL,C_J_NULL,"ETS(M,N,M)",18778.11,6.48,2016-10,196093.09
C_J_NULL,C_J_NULL,"ETS(M,N,M)",18778.11,6.48,2016-11,238283.5
C_J_NULL,C_J_NULL,"ETS(M,N,M)",18778.11,6.48,2016-12,530586.5
C_J_NULL,C_J_NULL,"ETS(M,N,M)",18778.11,6.48,2017-01,240655.75
C_J_NULL,C_J_NULL,"ETS(M,N,M)",18778.11,6.48,2017-02,221337.29
C_J_NULL,C_J_NULL,"ETS(M,N,M)",18778.11,6.48,2017-03,284580.5
C_J_NULL,C_J_NULL,"ETS(M,N,M)",18778.11,6.48,2017-04,192981.13
C_J_NULL,C_J_NULL,"ETS(M,N,M)",18778.11,6.48,2017-05,176607.73
C_J_NULL,C_J_NULL,"ETS(M,N,M)",18778.11,6.48,2017-06,239641.54
C_J_NULL,C_J_NULL,"ETS(M,N,M)",18778.11,6.48,2017-07,181044.98
C_J_NULL,C_J_NULL,"ETS(M,N,M)",18778.11,6.48,2017-08,179952.34
C_C_W_s80,C_C_W,Nixtla_AutoCES,27985.25,8.87,2016-09,204259.05
C_C_W_s80,C_C_W,Nixtla_AutoCES,27985.25,8.87,2016-10,144587.56
C_C_W_s80,C_C_W,Nixtla_AutoCES,27985.25,8.87,2016-11,167092.87
C_C_W_s80,C_C_W,Nixtla_AutoCES,27985.25,8.87,2016-12,258961.84
C_C_W_s80,C_C_W,Nixtla_AutoCES,27985.25,8.87,2017-01,121068.33
C_C_W_s80,C_C_W,Nixtla_AutoCES,27985.25,8.87,2017-02,143193.94
C_C_W_s80,C_C_W,Nixtla_AutoCES,27985.25,8.87,2017-03,210390.8
C_C_W_s80,C_C_W,Nixtla_AutoCES,27985.25,8.87,2017-04,149295.0
C_C_W_s80,C_C_W,Nixtla_AutoCES,27985.25,8.87,2017-05,124505.11
C_C_W_s80,C_C_W,Nixtla_AutoCES,27985.25,8.87,2017-06,182869.54
C_C_W_s80,C_C_W,Nixtla_AutoCES,27985.25,8.87,2017-07,124003.29
C_C_W_s80,C_C_W,Nixtla_AutoCES,27985.25,8.87,2017-08,140366.98
B_F_L,B_F_L,"ETS(M,N,M)",15945.08,11.14,2016-09,108689.31
B_F_L,B_F_L,"ETS(M,N,M)",15945.08,11.14,2016-10,64663.26
B_F_L,B_F_L,"ETS(M,N,M)",15945.08,11.14,2016-11,91277.18
B_F_L,B_F_L,"ETS(M,N,M)",15945.08,11.14,2016-12,196178.25
B_F_L,B_F_L,"ETS(M,N,M)",15945.08,11.14,2017-01,89932.32
B_F_L,B_F_L,"ETS(M,N,M)",15945.08,11.14,2017-02,85439.25
B_F_L,B_F_L,"ETS(M,N,M)",15945.08,11.14,2017-03,113198.18
B_F_L,B_F_L,"ETS(M,N,M)",15945.08,11.14,2017-04,82454.48
B_F_L,B_F_L,"ETS(M,N,M)",15945.08,11.14,2017-05,76016.88
B_F_L,B_F_L,"ETS(M,N,M)",15945.08,11.14,2017-06,118276.36
B_F_L,B_F_L,"ETS(M,N,M)",15945.08,11.14,2017-07,82848.5
B_F_L,B_F_L,"ETS(M,N,M)",15945.08,11.14,2017-08,92157.43
C_A_E,C_A_E,"ETS(A,Ad,A)",11149.28,6.16,2016-09,189247.47
C_A_E,C_A_E,"ETS(A,Ad,A)",11149.28,6.16,2016-10,140123.69
C_A_E,C_A_E,"ETS(A,Ad,A)",11149.28,6.16,2016-11,154103.39
C_A_E,C_A_E,"ETS(A,Ad,A)",11149.28,6.16,2016-12,240224.32
C_A_E,C_A_E,"ETS(A,Ad,A)",11149.28,6.16,2017-01,150794.97
C_A_E,C_A_E,"ETS(A,Ad,A)",11149.28,6.16,2017-02,147986.4
C_A_E,C_A_E,"ETS(A,Ad,A)",11149.28,6.16,2017-03,181211.98
C_A_E,C_A_E,"ETS(A,Ad,A)",11149.28,6.16,2017-04,133756.3
C_A_E,C_A_E,"ETS(A,Ad,A)",11149.28,6.16,2017-05,119099.1
C_A_E,C_A_E,"ETS(A,Ad,A)",11149.28,6.16,2017-06,151354.75
C_A_E,C_A_E,"ETS(A,Ad,A)",11149.28,6.16,2017-07,113311.02
C_A_E,C_A_E,"ETS(A,Ad,A)",11149.28,6.16,2017-08,130544.07
A_I_A2,A_I_A2,Drift_50pct,9156.7,3.92,2016-09,211860.0
A_I_A2,A_I_A2,Drift_50pct,9156.7,3.92,2016-10,146080.0
A_I_A2,A_I_A2,Drift_50pct,9156.7,3.92,2016-11,172118.0
A_I_A2,A_I_A2,Drift_50pct,9156.7,3.92,2016-12,297149.0
A_I_A2,A_I_A2,Drift_50pct,9156.7,3.92,2017-01,191531.0
A_I_A2,A_I_A2,Drift_50pct,9156.7,3.92,2017-02,204871.0
A_I_A2,A_I_A2,Drift_50pct,9156.7,3.92,2017-03,232808.0
A_I_A2,A_I_A2,Drift_50pct,9156.7,3.92,2017-04,166928.0
A_I_A2,A_I_A2,Drift_50pct,9156.7,3.92,2017-05,180993.0
A_I_A2,A_I_A2,Drift_50pct,9156.7,3.92,2017-06,193797.0
A_I_A2,A_I_A2,Drift_50pct,9156.7,3.92,2017-07,182205.0
A_I_A2,A_I_A2,Drift_50pct,9156.7,3.92,2017-08,182061.0
A_G_D,A_G_D,"ETS(A,M,A)",10651.97,5.03,2016-09,151841.65
A_G_D,A_G_D,"ETS(A,M,A)",10651.97,5.03,2016-10,102059.09
A_G_D,A_G_D,"ETS(A,M,A)",10651.97,5.03,2016-11,106549.06
A_G_D,A_G_D,"ETS(A,M,A)",10651.97,5.03,2016-12,123607.59
A_G_D,A_G_D,"ETS(A,M,A)",10651.97,5.03,2017-01,105363.63
A_G_D,A_G_D,"ETS(A,M,A)",10651.97,5.03,2017-02,108617.63
A_G_D,A_G_D,"ETS(A,M,A)",10651.97,5.03,2017-03,144210.2
A_G_D,A_G_D,"ETS(A,M,A)",10651.97,5.03,2017-04,106128.52
A_G_D,A_G_D,"ETS(A,M,A)",10651.97,5.03,2017-05,114449.55
A_G_D,A_G_D,"ETS(A,M,A)",10651.97,5.03,2017-06,147639.99
A_G_D,A_G_D,"ETS(A,M,A)",10651.97,5.03,2017-07,123912.46
A_G_D,A_G_D,"ETS(A,M,A)",10651.97,5.03,2017-08,113668.66
B_F_T,B_F_T,"ETS(M,M,M)",10012.56,11.07,2016-09,72830.22
B_F_T,B_F_T,"ETS(M,M,M)",10012.56,11.07,2016-10,50592.09
B_F_T,B_F_T,"ETS(M,M,M)",10012.56,11.07,2016-11,67515.87
B_F_T,B_F_T,"ETS(M,M,M)",10012.56,11.07,2016-12,193886.68
B_F_T,B_F_T,"ETS(M,M,M)",10012.56,11.07,2017-01,53429.02
B_F_T,B_F_T,"ETS(M,M,M)",10012.56,11.07,2017-02,50162.35
B_F_T,B_F_T,"ETS(M,M,M)",10012.56,11.07,2017-03,61969.35
B_F_T,B_F_T,"ETS(M,M,M)",10012.56,11.07,2017-04,44883.94
B_F_T,B_F_T,"ETS(M,M,M)",10012.56,11.07,2017-05,47923.67
B_F_T,B_F_T,"ETS(M,M,M)",10012.56,11.07,2017-06,63552.82
B_F_T,B_F_T,"ETS(M,M,M)",10012.56,11.07,2017-07,49443.72
B_F_T,B_F_T,"ETS(M,M,M)",10012.56,11.07,2017-08,49529.75
C_A_B,C_A_B,"ETS(M,Md,M)",7504.89,3.99,2016-09,183974.98
C_A_B,C_A_B,"ETS(M,Md,M)",7504.89,3.99,2016-10,144373.81
C_A_B,C_A_B,"ETS(M,Md,M)",7504.89,3.99,2016-11,160301.04
C_A_B,C_A_B,"ETS(M,Md,M)",7504.89,3.99,2016-12,334217.28
C_A_B,C_A_B,"ETS(M,Md,M)",7504.89,3.99,2017-01,168169.83
C_A_B,C_A_B,"ETS(M,Md,M)",7504.89,3.99,2017-02,149481.13
C_A_B,C_A_B,"ETS(M,Md,M)",7504.89,3.99,2017-03,168132.81
C_A_B,C_A_B,"ETS(M,Md,M)",7504.89,3.99,2017-04,119614.15
C_A_B,C_A_B,"ETS(M,Md,M)",7504.89,3.99,2017-05,118318.14
C_A_B,C_A_B,"ETS(M,Md,M)",7504.89,3.99,2017-06,148779.75
C_A_B,C_A_B,"ETS(M,Md,M)",7504.89,3.99,2017-07,119597.52
C_A_B,C_A_B,"ETS(M,Md,M)",7504.89,3.99,2017-08,128853.56
A_J_O_s32,A_J_O,"ETS(M,M,M)",7641.48,26.53,2016-09,18991.67
A_J_O_s32,A_J_O,"ETS(M,M,M)",7641.48,26.53,2016-10,11693.53
A_J_O_s32,A_J_O,"ETS(M,M,M)",7641.48,26.53,2016-11,18688.07
A_J_O_s32,A_J_O,"ETS(M,M,M)",7641.48,26.53,2016-12,51959.02
A_J_O_s32,A_J_O,"ETS(M,M,M)",7641.48,26.53,2017-01,17053.81
A_J_O_s32,A_J_O,"ETS(M,M,M)",7641.48,26.53,2017-02,12666.74
A_J_O_s32,A_J_O,"ETS(M,M,M)",7641.48,26.53,2017-03,12081.61
A_J_O_s32,A_J_O,"ETS(M,M,M)",7641.48,26.53,2017-04,9576.43
A_J_O_s32,A_J_O,"ETS(M,M,M)",7641.48,26.53,2017-05,9716.61
A_J_O_s32,A_J_O,"ETS(M,M,M)",7641.48,26.53,2017-06,12260.48
A_J_O_s32,A_J_O,"ETS(M,M,M)",7641.48,26.53,2017-07,9560.34
A_J_O_s32,A_J_O,"ETS(M,M,M)",7641.48,26.53,2017-08,9256.98
A_B_Q,A_B_Q,Drift_25pct,7417.88,4.79,2016-09,126644.0
A_B_Q,A_B_Q,Drift_25pct,7417.88,4.79,2016-10,93070.0
A_B_Q,A_B_Q,Drift_25pct,7417.88,4.79,2016-11,164828.0
A_B_Q,A_B_Q,Drift_25pct,7417.88,4.79,2016-12,316311.0
A_B_Q,A_B_Q,Drift_25pct,7417.88,4.79,2017-01,112155.0
A_B_Q,A_B_Q,Drift_25pct,7417.88,4.79,2017-02,130564.0
A_B_Q,A_B_Q,Drift_25pct,7417.88,4.79,2017-03,141368.0
A_B_Q,A_B_Q,Drift_25pct,7417.88,4.79,2017-04,102155.0
A_B_Q,A_B_Q,Drift_25pct,7417.88,4.79,2017-05,97775.0
A_B_Q,A_B_Q,Drift_25pct,7417.88,4.79,2017-06,139509.0
A_B_Q,A_B_Q,Drift_25pct,7417.88,4.79,2017-07,110545.0
A_B_Q,A_B_Q,Drift_25pct,7417.88,4.79,2017-08,118974.0
C_A_V,C_A_V,Nixtla_AutoCES,12303.61,12.5,2016-09,64580.79
C_A_V,C_A_V,Nixtla_AutoCES,12303.61,12.5,2016-10,46437.51
C_A_V,C_A_V,Nixtla_AutoCES,12303.61,12.5,2016-11,56367.69
C_A_V,C_A_V,Nixtla_AutoCES,12303.61,12.5,2016-12,146634.21
C_A_V,C_A_V,Nixtla_AutoCES,12303.61,12.5,2017-01,49993.51
C_A_V,C_A_V,Nixtla_AutoCES,12303.61,12.5,2017-02,50158.47
C_A_V,C_A_V,Nixtla_AutoCES,12303.61,12.5,2017-03,74614.23
C_A_V,C_A_V,Nixtla_AutoCES,12303.61,12.5,2017-04,40865.89
C_A_V,C_A_V,Nixtla_AutoCES,12303.61,12.5,2017-05,31523.43
C_A_V,C_A_V,Nixtla_AutoCES,12303.61,12.5,2017-06,53840.16
C_A_V,C_A_V,Nixtla_AutoCES,12303.61,12.5,2017-07,44206.95
C_A_V,C_A_V,Nixtla_AutoCES,12303.61,12.5,2017-08,42714.4
A_J_NULL_s42,A_J_NULL,"ETS(A,Md,A)",11071.83,9.5,2016-09,103777.17
A_J_NULL_s42,A_J_NULL,"ETS(A,Md,A)",11071.83,9.5,2016-10,73206.43
A_J_NULL_s42,A_J_NULL,"ETS(A,Md,A)",11071.83,9.5,2016-11,89995.73
A_J_NULL_s42,A_J_NULL,"ETS(A,Md,A)",11071.83,9.5,2016-12,169591.72
A_J_NULL_s42,A_J_NULL,"ETS(A,Md,A)",11071.83,9.5,2017-01,76537.15
A_J_NULL_s42,A_J_NULL,"ETS(A,Md,A)",11071.83,9.5,2017-02,85114.89
A_J_NULL_s42,A_J_NULL,"ETS(A,Md,A)",11071.83,9.5,2017-03,90051.03
A_J_NULL_s42,A_J_NULL,"ETS(A,Md,A)",11071.83,9.5,2017-04,69719.87
A_J_NULL_s42,A_J_NULL,"ETS(A,Md,A)",11071.83,9.5,2017-05,69294.88
A_J_NULL_s42,A_J_NULL,"ETS(A,Md,A)",11071.83,9.5,2017-06,84564.1
A_J_NULL_s42,A_J_NULL,"ETS(A,Md,A)",11071.83,9.5,2017-07,80251.46
A_J_NULL_s42,A_J_NULL,"ETS(A,Md,A)",11071.83,9.5,2017-08,95804.18
B_A_A,B_A_A,"ETS(M,M,M)",1470.51,2.28,2016-09,54938.32
B_A_A,B_A_A,"ETS(M,M,M)",1470.51,2.28,2016-10,34004.05
B_A_A,B_A_A,"ETS(M,M,M)",1470.51,2.28,2016-11,38930.23
B_A_A,B_A_A,"ETS(M,M,M)",1470.51,2.28,2016-12,61751.7
B_A_A,B_A_A,"ETS(M,M,M)",1470.51,2.28,2017-01,42108.86
B_A_A,B_A_A,"ETS(M,M,M)",1470.51,2.28,2017-02,41619.22
B_A_A,B_A_A,"ETS(M,M,M)",1470.51,2.28,2017-03,57086.15
B_A_A,B_A_A,"ETS(M,M,M)",1470.51,2.28,2017-04,41923.07
B_A_A,B_A_A,"ETS(M,M,M)",1470.51,2.28,2017-05,34819.48
B_A_A,B_A_A,"ETS(M,M,M)",1470.51,2.28,2017-06,49543.99
B_A_A,B_A_A,"ETS(M,M,M)",1470.51,2.28,2017-07,33566.97
B_A_A,B_A_A,"ETS(M,M,M)",1470.51,2.28,2017-08,39369.32
C_A_I,C_A_I,"ETS(M,Md,M)",5856.99,6.19,2016-09,82753.85
C_A_I,C_A_I,"ETS(M,Md,M)",5856.99,6.19,2016-10,70349.51
C_A_I,C_A_I,"ETS(M,Md,M)",5856.99,6.19,2016-11,77199.27
C_A_I,C_A_I,"ETS(M,Md,M)",5856.99,6.19,2016-12,140713.07
C_A_I,C_A_I,"ETS(M,Md,M)",5856.99,6.19,2017-01,71032.05
C_A_I,C_A_I,"ETS(M,Md,M)",5856.99,6.19,2017-02,81675.43
C_A_I,C_A_I,"ETS(M,Md,M)",5856.99,6.19,2017-03,96994.91
C_A_I,C_A_I,"ETS(M,Md,M)",5856.99,6.19,2017-04,68903.27
C_A_I,C_A_I,"ETS(M,Md,M)",5856.99,6.19,2017-05,59667.54
C_A_I,C_A_I,"ETS(M,Md,M)",5856.99,6.19,2017-06,80002.21
C_A_I,C_A_I,"ETS(M,Md,M)",5856.99,6.19,2017-07,65132.37
C_A_I,C_A_I,"ETS(M,Md,M)",5856.99,6.19,2017-08,64744.43
C_F_T,C_F_T,Nixtla_AutoETS,2493.36,5.01,2016-09,44095.96
C_F_T,C_F_T,Nixtla_AutoETS,2493.36,5.01,2016-10,33697.92
C_F_T,C_F_T,Nixtla_AutoETS,2493.36,5.01,2016-11,49526.59
C_F_T,C_F_T,Nixtla_AutoETS,2493.36,5.01,2016-12,138204.16
C_F_T,C_F_T,Nixtla_AutoETS,2493.36,5.01,2017-01,46812.63
C_F_T,C_F_T,Nixtla_AutoETS,2493.36,5.01,2017-02,38143.08
C_F_T,C_F_T,Nixtla_AutoETS,2493.36,5.01,2017-03,42511.31
C_F_T,C_F_T,Nixtla_AutoETS,2493.36,5.01,2017-04,32160.2
C_F_T,C_F_T,Nixtla_AutoETS,2493.36,5.01,2017-05,32379.33
C_F_T,C_F_T,Nixtla_AutoETS,2493.36,5.01,2017-06,43110.62
C_F_T,C_F_T,Nixtla_AutoETS,2493.36,5.01,2017-07,36247.88
C_F_T,C_F_T,Nixtla_AutoETS,2493.36,5.01,2017-08,36864.14
B_A_B,B_A_B,Nixtla_AutoARIMA,2952.99,6.36,2016-09,30170.93
B_A_B,B_A_B,Nixtla_AutoARIMA,2952.99,6.36,2016-10,18780.93
B_A_B,B_A_B,Nixtla_AutoARIMA,2952.99,6.36,2016-11,19792.93
B_A_B,B_A_B,Nixtla_AutoARIMA,2952.99,6.36,2016-12,49171.93
B_A_B,B_A_B,Nixtla_AutoARIMA,2952.99,6.36,2017-01,21126.93
B_A_B,B_A_B,Nixtla_AutoARIMA,2952.99,6.36,2017-02,18305.93
B_A_B,B_A_B,Nixtla_AutoARIMA,2952.99,6.36,2017-03,26228.93
B_A_B,B_A_B,Nixtla_AutoARIMA,2952.99,6.36,2017-04,18011.93
B_A_B,B_A_B,Nixtla_AutoARIMA,2952.99,6.36,2017-05,16385.93
B_A_B,B_A_B,Nixtla_AutoARIMA,2952.99,6.36,2017-06,26543.93
B_A_B,B_A_B,Nixtla_AutoARIMA,2952.99,6.36,2017-07,16914.93
B_A_B,B_A_B,Nixtla_AutoARIMA,2952.99,6.36,2017-08,19297.93
C_I_A2,C_I_A2,Nixtla_AutoETS,4368.98,8.45,2016-09,40896.93
C_I_A2,C_I_A2,Nixtla_AutoETS,4368.98,8.45,2016-10,32488.04
C_I_A2,C_I_A2,Nixtla_AutoETS,4368.98,8.45,2016-11,37570.71
C_I_A2,C_I_A2,Nixtla_AutoETS,4368.98,8.45,2016-12,49026.03
C_I_A2,C_I_A2,Nixtla_AutoETS,4368.98,8.45,2017-01,31565.2
C_I_A2,C_I_A2,Nixtla_AutoETS,4368.98,8.45,2017-02,34339.42
C_I_A2,C_I_A2,Nixtla_AutoETS,4368.98,8.45,2017-03,45570.12
C_I_A2,C_I_A2,Nixtla_AutoETS,4368.98,8.45,2017-04,33496.87
C_I_A2,C_I_A2,Nixtla_AutoETS,4368.98,8.45,2017-05,28765.91
C_I_A2,C_I_A2,Nixtla_AutoETS,4368.98,8.45,2017-06,37450.01
C_I_A2,C_I_A2,Nixtla_AutoETS,4368.98,8.45,2017-07,27065.04
C_I_A2,C_I_A2,Nixtla_AutoETS,4368.98,8.45,2017-08,29565.05
C_A_C,C_A_C,Nixtla_AutoETS,3544.8,12.72,2016-09,24771.85
C_A_C,C_A_C,Nixtla_AutoETS,3544.8,12.72,2016-10,19699.92
C_A_C,C_A_C,Nixtla_AutoETS,3544.8,12.72,2016-11,23733.63
C_A_C,C_A_C,Nixtla_AutoETS,3544.8,12.72,2016-12,59749.23
C_A_C,C_A_C,Nixtla_AutoETS,3544.8,12.72,2017-01,26040.26
C_A_C,C_A_C,Nixtla_AutoETS,3544.8,12.72,2017-02,22604.42
C_A_C,C_A_C,Nixtla_AutoETS,3544.8,12.72,2017-03,25394.25
C_A_C,C_A_C,Nixtla_AutoETS,3544.8,12.72,2017-04,17522.88
C_A_C,C_A_C,Nixtla_AutoETS,3544.8,12.72,2017-05,17285.95
C_A_C,C_A_C,Nixtla_AutoETS,3544.8,12.72,2017-06,22505.93
C_A_C,C_A_C,Nixtla_AutoETS,3544.8,12.72,2017-07,18859.28
C_A_C,C_A_C,Nixtla_AutoETS,3544.8,12.72,2017-08,18147.79
A_A_C,A_A_C,"ETS(M,A,M)",3455.75,12.42,2016-09,22778.64
A_A_C,A_A_C,"ETS(M,A,M)",3455.75,12.42,2016-10,14718.45
A_A_C,A_A_C,"ETS(M,A,M)",3455.75,12.42,2016-11,17829.07
A_A_C,A_A_C,"ETS(M,A,M)",3455.75,12.42,2016-12,39251.84
A_A_C,A_A_C,"ETS(M,A,M)",3455.75,12.42,2017-01,16267.08
A_A_C,A_A_C,"ETS(M,A,M)",3455.75,12.42,2017-02,18326.6
A_A_C,A_A_C,"ETS(M,A,M)",3455.75,12.42,2017-03,20430.15
A_A_C,A_A_C,"ETS(M,A,M)",3455.75,12.42,2017-04,13257.2
A_A_C,A_A_C,"ETS(M,A,M)",3455.75,12.42,2017-05,13701.62
A_A_C,A_A_C,"ETS(M,A,M)",3455.75,12.42,2017-06,17511.97
A_A_C,A_A_C,"ETS(M,A,M)",3455.75,12.42,2017-07,14935.63
A_A_C,A_A_C,"ETS(M,A,M)",3455.75,12.42,2017-08,16063.74
A_A_V,A_A_V,"ETS(M,M,M)",4606.04,15.15,2016-09,26263.28
A_A_V,A_A_V,"ETS(M,M,M)",4606.04,15.15,2016-10,20961.94
A_A_V,A_A_V,"ETS(M,M,M)",4606.04,15.15,2016-11,27601.4
A_A_V,A_A_V,"ETS(M,M,M)",4606.04,15.15,2016-12,40777.89
A_A_V,A_A_V,"ETS(M,M,M)",4606.04,15.15,2017-01,25267.09
A_A_V,A_A_V,"ETS(M,M,M)",4606.04,15.15,2017-02,25853.62
A_A_V,A_A_V,"ETS(M,M,M)",4606.04,15.15,2017-03,28010.52
A_A_V,A_A_V,"ETS(M,M,M)",4606.04,15.15,2017-04,20378.43
A_A_V,A_A_V,"ETS(M,M,M)",4606.04,15.15,2017-05,17716.47
A_A_V,A_A_V,"ETS(M,M,M)",4606.04,15.15,2017-06,20984.07
A_A_V,A_A_V,"ETS(M,M,M)",4606.04,15.15,2017-07,18382.16
A_A_V,A_A_V,"ETS(M,M,M)",4606.04,15.15,2017-08,20253.55
B_A_V,B_A_V,Nixtla_AutoETS,9953.54,57.5,2016-09,13117.62
B_A_V,B_A_V,Nixtla_AutoETS,9953.54,57.5,2016-10,9214.42
B_A_V,B_A_V,Nixtla_AutoETS,9953.54,57.5,2016-11,12152.36
B_A_V,B_A_V,Nixtla_AutoETS,9953.54,57.5,2016-12,26882.17
B_A_V,B_A_V,Nixtla_AutoETS,9953.54,57.5,2017-01,14900.8
B_A_V,B_A_V,Nixtla_AutoETS,9953.54,57.5,2017-02,13501.97
B_A_V,B_A_V,Nixtla_AutoETS,9953.54,57.5,2017-03,17027.97
B_A_V,B_A_V,Nixtla_AutoETS,9953.54,57.5,2017-04,11839.55
B_A_V,B_A_V,Nixtla_AutoETS,9953.54,57.5,2017-05,11230.61
B_A_V,B_A_V,Nixtla_AutoETS,9953.54,57.5,2017-06,16549.44
B_A_V,B_A_V,Nixtla_AutoETS,9953.54,57.5,2017-07,10794.52
B_A_V,B_A_V,Nixtla_AutoETS,9953.54,57.5,2017-08,11035.33
B_B_P,B_B_P,Drift_25pct,1841.79,4.88,2016-09,33886.0
B_B_P,B_B_P,Drift_25pct,1841.79,4.88,2016-10,21611.0
B_B_P,B_B_P,Drift_25pct,1841.79,4.88,2016-11,28095.0
B_B_P,B_B_P,Drift_25pct,1841.79,4.88,2016-12,40405.0
B_B_P,B_B_P,Drift_25pct,1841.79,4.88,2017-01,28188.0
B_B_P,B_B_P,Drift_25pct,1841.79,4.88,2017-02,28917.0
B_B_P,B_B_P,Drift_25pct,1841.79,4.88,2017-03,40176.0
B_B_P,B_B_P,Drift_25pct,1841.79,4.88,2017-04,28985.0
B_B_P,B_B_P,Drift_25pct,1841.79,4.88,2017-05,24275.0
B_B_P,B_B_P,Drift_25pct,1841.79,4.88,2017-06,32625.0
B_B_P,B_B_P,Drift_25pct,1841.79,4.88,2017-07,24214.0
B_B_P,B_B_P,Drift_25pct,1841.79,4.88,2017-08,26856.0
A_J_NULL_s40,A_J_NULL,"ETS(A,M,A)",8408.38,27.56,2016-09,47912.27
A_J_NULL_s40,A_J_NULL,"ETS(A,M,A)",8408.38,27.56,2016-10,46177.7
A_J_NULL_s40,A_J_NULL,"ETS(A,M,A)",8408.38,27.56,2016-11,53303.82
A_J_NULL_s40,A_J_NULL,"ETS(A,M,A)",8408.38,27.56,2016-12,58862.43
A_J_NULL_s40,A_J_NULL,"ETS(A,M,A)",8408.38,27.56,2017-01,60721.24
A_J_NULL_s40,A_J_NULL,"ETS(A,M,A)",8408.38,27.56,2017-02,61403.67
A_J_NULL_s40,A_J_NULL,"ETS(A,M,A)",8408.38,27.56,2017-03,67418.15
A_J_NULL_s40,A_J_NULL,"ETS(A,M,A)",8408.38,27.56,2017-04,67653.83
A_J_NULL_s40,A_J_NULL,"ETS(A,M,A)",8408.38,27.56,2017-05,72865.84
A_J_NULL_s40,A_J_NULL,"ETS(A,M,A)",8408.38,27.56,2017-06,77907.32
A_J_NULL_s40,A_J_NULL,"ETS(A,M,A)",8408.38,27.56,2017-07,79155.01
A_J_NULL_s40,A_J_NULL,"ETS(A,M,A)",8408.38,27.56,2017-08,84694.02
A_J_O_s34,A_J_O,Nixtla_DynOptTheta,2250.5,106.7,2016-09,1496.71
A_J_O_s34,A_J_O,Nixtla_DynOptTheta,2250.5,106.7,2016-10,1297.09
A_J_O_s34,A_J_O,Nixtla_DynOptTheta,2250.5,106.7,2016-11,1101.4
A_J_O_s34,A_J_O,Nixtla_DynOptTheta,2250.5,106.7,2016-12,909.49
A_J_O_s34,A_J_O,Nixtla_DynOptTheta,2250.5,106.7,2017-01,721.24
A_J_O_s34,A_J_O,Nixtla_DynOptTheta,2250.5,106.7,2017-02,536.5
A_J_O_s34,A_J_O,Nixtla_DynOptTheta,2250.5,106.7,2017-03,355.17
A_J_O_s34,A_J_O,Nixtla_DynOptTheta,2250.5,106.7,2017-04,177.13
A_J_O_s34,A_J_O,Nixtla_DynOptTheta,2250.5,106.7,2017-05,2.26
A_J_O_s34,A_J_O,Nixtla_DynOptTheta,2250.5,106.7,2017-06,-169.53
A_J_O_s34,A_J_O,Nixtla_DynOptTheta,2250.5,106.7,2017-07,-338.34
A_J_O_s34,A_J_O,Nixtla_DynOptTheta,2250.5,106.7,2017-08,-504.28
B_A_C,B_A_C,"ETS(M,A,M)",1275.85,15.49,2016-09,1845.17
B_A_C,B_A_C,"ETS(M,A,M)",1275.85,15.49,2016-10,1219.24
B_A_C,B_A_C,"ETS(M,A,M)",1275.85,15.49,2016-11,967.21
B_A_C,B_A_C,"ETS(M,A,M)",1275.85,15.49,2016-12,1581.1
B_A_C,B_A_C,"ETS(M,A,M)",1275.85,15.49,2017-01,387.71
B_A_C,B_A_C,"ETS(M,A,M)",1275.85,15.49,2017-02,81.92
B_A_C,B_A_C,"ETS(M,A,M)",1275.85,15.49,2017-03,-338.81
B_A_C,B_A_C,"ETS(M,A,M)",1275.85,15.49,2017-04,-573.62
B_A_C,B_A_C,"ETS(M,A,M)",1275.85,15.49,2017-05,-819.2
B_A_C,B_A_C,"ETS(M,A,M)",1275.85,15.49,2017-06,-1469.95
B_A_C,B_A_C,"ETS(M,A,M)",1275.85,15.49,2017-07,-1631.26
B_A_C,B_A_C,"ETS(M,A,M)",1275.85,15.49,2017-08,-1862.62
A_A_X,A_A_X,Nixtla_AutoCES,4829.95,19.59,2016-09,13888.48
A_A_X,A_A_X,Nixtla_AutoCES,4829.95,19.59,2016-10,10742.26
A_A_X,A_A_X,Nixtla_AutoCES,4829.95,19.59,2016-11,11073.55
A_A_X,A_A_X,Nixtla_AutoCES,4829.95,19.59,2016-12,16195.79
A_A_X,A_A_X,Nixtla_AutoCES,4829.95,19.59,2017-01,9700.71
A_A_X,A_A_X,Nixtla_AutoCES,4829.95,19.59,2017-02,10436.91
A_A_X,A_A_X,Nixtla_AutoCES,4829.95,19.59,2017-03,9393.47
A_A_X,A_A_X,Nixtla_AutoCES,4829.95,19.59,2017-04,7121.35
A_A_X,A_A_X,Nixtla_AutoCES,4829.95,19.59,2017-05,8474.03
A_A_X,A_A_X,Nixtla_AutoCES,4829.95,19.59,2017-06,14594.7
A_A_X,A_A_X,Nixtla_AutoCES,4829.95,19.59,2017-07,11312.15
A_A_X,A_A_X,Nixtla_AutoCES,4829.95,19.59,2017-08,11217.73
A_C_NULL_s16,A_C_NULL,RandomForest,12924.97,1175.39,2016-09,1179.77
A_C_NULL_s16,A_C_NULL,RandomForest,12924.97,1175.39,2016-10,2878.92
A_C_NULL_s16,A_C_NULL,RandomForest,12924.97,1175.39,2016-11,2265.64
A_C_NULL_s16,A_C_NULL,RandomForest,12924.97,1175.39,2016-12,27250.62
A_C_NULL_s16,A_C_NULL,RandomForest,12924.97,1175.39,2017-01,10278.38
A_C_NULL_s16,A_C_NULL,RandomForest,12924.97,1175.39,2017-02,3418.32
A_C_NULL_s16,A_C_NULL,RandomForest,12924.97,1175.39,2017-03,8895.41
A_C_NULL_s16,A_C_NULL,RandomForest,12924.97,1175.39,2017-04,14614.47
A_C_NULL_s16,A_C_NULL,RandomForest,12924.97,1175.39,2017-05,7085.91
A_C_NULL_s16,A_C_NULL,RandomForest,12924.97,1175.39,2017-06,9094.36
A_C_NULL_s16,A_C_NULL,RandomForest,12924.97,1175.39,2017-07,27280.55
A_C_NULL_s16,A_C_NULL,RandomForest,12924.97,1175.39,2017-08,11334.95
A_A_I,A_A_I,RandomForest,603.38,6.43,2016-09,9200.76
A_A_I,A_A_I,RandomForest,603.38,6.43,2016-10,6973.69
A_A_I,A_A_I,RandomForest,603.38,6.43,2016-11,8053.72
A_A_I,A_A_I,RandomForest,603.38,6.43,2016-12,9869.67
A_A_I,A_A_I,RandomForest,603.38,6.43,2017-01,7112.52
A_A_I,A_A_I,RandomForest,603.38,6.43,2017-02,8058.64
A_A_I,A_A_I,RandomForest,603.38,6.43,2017-03,9619.11
A_A_I,A_A_I,RandomForest,603.38,6.43,2017-04,7072.18
A_A_I,A_A_I,RandomForest,603.38,6.43,2017-05,8099.84
A_A_I,A_A_I,RandomForest,603.38,6.43,2017-06,9646.48
A_A_I,A_A_I,RandomForest,603.38,6.43,2017-07,7036.71
A_A_I,A_A_I,RandomForest,603.38,6.43,2017-08,8240.29
B_I_A2,B_I_A2,Nixtla_AutoARIMA,1289.84,14.82,2016-09,9064.22
B_I_A2,B_I_A2,Nixtla_AutoARIMA,1289.84,14.82,2016-10,5842.01
B_I_A2,B_I_A2,Nixtla_AutoARIMA,1289.84,14.82,2016-11,6935.11
B_I_A2,B_I_A2,Nixtla_AutoARIMA,1289.84,14.82,2016-12,12456.78
B_I_A2,B_I_A2,Nixtla_AutoARIMA,1289.84,14.82,2017-01,7935.17
B_I_A2,B_I_A2,Nixtla_AutoARIMA,1289.84,14.82,2017-02,8795.05
B_I_A2,B_I_A2,Nixtla_AutoARIMA,1289.84,14.82,2017-03,11684.59
B_I_A2,B_I_A2,Nixtla_AutoARIMA,1289.84,14.82,2017-04,8532.48
B_I_A2,B_I_A2,Nixtla_AutoARIMA,1289.84,14.82,2017-05,5708.42
B_I_A2,B_I_A2,Nixtla_AutoARIMA,1289.84,14.82,2017-06,8617.67
B_I_A2,B_I_A2,Nixtla_AutoARIMA,1289.84,14.82,2017-07,7283.41
B_I_A2,B_I_A2,Nixtla_AutoARIMA,1289.84,14.82,2017-08,7899.19
A_J_O_s31,A_J_O,"ETS(M,N,M)",116.45,43.33,2016-09,337.07
A_J_O_s31,A_J_O,"ETS(M,N,M)",116.45,43.33,2016-10,290.37
A_J_O_s31,A_J_O,"ETS(M,N,M)",116.45,43.33,2016-11,264.78
A_J_O_s31,A_J_O,"ETS(M,N,M)",116.45,43.33,2016-12,523.26
A_J_O_s31,A_J_O,"ETS(M,N,M)",116.45,43.33,2017-01,250.19
A_J_O_s31,A_J_O,"ETS(M,N,M)",116.45,43.33,2017-02,175.61
A_J_O_s31,A_J_O,"ETS(M,N,M)",116.45,43.33,2017-03,181.49
A_J_O_s31,A_J_O,"ETS(M,N,M)",116.45,43.33,2017-04,143.95
A_J_O_s31,A_J_O,"ETS(M,N,M)",116.45,43.33,2017-05,178.82
A_J_O_s31,A_J_O,"ETS(M,N,M)",116.45,43.33,2017-06,227.91
A_J_O_s31,A_J_O,"ETS(M,N,M)",116.45,43.33,2017-07,197.41
A_J_O_s31,A_J_O,"ETS(M,N,M)",116.45,43.33,2017-08,232.0
